"GeneID","padj","pvalue","lfcSE","stat","log2FoldChange","baseMean","Symbol","Description"
10631,2.36e-39,1.21e-43,0.3895,13.85333402,5.4,379.09,"POSTN","periostin"
3485,2.09e-37,2.15e-41,0.2402,13.47660393,3.24,1290.1,"IGFBP2","insulin like growth factor binding protein 2"
4015,4.59e-37,7.09e-41,0.2598,13.38821318,3.48,272.61,"LOX","lysyl oxidase"
10051,3.4e-34,7e-38,0.1283,12.8659403,1.65,645.57,"SMC4","structural maintenance of chromosomes 4"
3213,1.77e-33,4.56e-37,0.323,12.72037622,4.11,70.25,"HOXB3","homeobox B3"
55635,4.32e-33,1.33e-36,0.1965,12.63611142,2.48,51.63,"DEPDC1","DEP domain containing 1"
1116,2.14e-32,7.72e-36,0.3909,12.49728004,4.88,11815.51,"CHI3L1","chitinase 3 like 1"
5806,5.37e-32,2.21e-35,0.2782,12.41342373,3.45,217.9,"PTX3","pentraxin 3"
891,3.33e-31,1.54e-34,0.1322,12.25692713,1.62,230.39,"CCNB1","cyclin B1"
5327,9.77e-31,5.02e-34,0.2028,12.16083628,2.47,638.35,"PLAT","plasminogen activator, tissue type"
761,6.89e-30,3.9e-33,0.2796,11.99230172,3.35,111.49,"CA3","carbonic anhydrase 3"
4057,1.37e-29,8.46e-33,0.381,11.92794831,4.55,905.1,"LTF","lactotransferrin"
1290,9.88e-29,6.6e-32,0.2032,11.75565079,2.39,1063.71,"COL5A2","collagen type V alpha 2 chain"
1278,1.57e-28,1.13e-31,0.257,11.71035553,3.01,3073.68,"COL1A2","collagen type I alpha 2 chain"
9133,5.92e-28,4.57e-31,0.1917,11.59115479,2.22,117.56,"CCNB2","cyclin B2"
7076,1.25e-27,1.03e-30,0.2869,11.52138923,3.31,1505.13,"TIMP1","TIMP metallopeptidase inhibitor 1"
1277,1.35e-27,1.18e-30,0.2933,11.50947081,3.38,2064.22,"COL1A1","collagen type I alpha 1 chain"
7083,3.68e-27,3.41e-30,0.1466,11.41774587,1.67,83.83,"TK1","thymidine kinase 1"
4318,3.85e-27,3.77e-30,0.3097,11.40905176,3.53,171.74,"MMP9","matrix metallopeptidase 9"
55165,1.07e-26,1.1e-29,0.201,11.31542213,2.27,71.48,"CEP55","centrosomal protein 55"
9493,1.33e-26,1.43e-29,0.1782,11.2922902,2.01,120.81,"KIF23","kinesin family member 23"
1894,2.75e-26,3.11e-29,0.1206,11.22401631,1.35,311.24,"ECT2","epithelial cell transforming 2"
196410,3.05e-26,3.61e-29,0.2346,11.21075724,2.63,313.22,"METTL7B","methyltransferase like 7B"
55143,3.71e-26,4.7e-29,0.1702,11.18740155,1.9,98.9,"CDCA8","cell division cycle associated 8"
1292,3.71e-26,4.77e-29,0.2277,11.18613107,2.55,1438.82,"COL6A2","collagen type VI alpha 2 chain"
10052,4.21e-26,5.63e-29,0.1549,11.17142062,1.73,322.04,"GJC1","gap junction protein gamma 1"
871,5.38e-26,7.47e-29,0.1845,11.14625559,2.06,1006.06,"SERPINH1","serpin family H member 1"
79801,6.34e-26,9.14e-29,0.1425,11.1282969,1.59,106.02,"SHCBP1","SHC binding and spindle associated 1"
10643,6.71e-26,1e-28,0.2546,11.12013639,2.83,105.22,"IGF2BP3","insulin like growth factor 2 mRNA binding protein 3"
220134,9.65e-26,1.49e-28,0.1763,11.08466094,1.95,41.61,"SKA1","spindle and kinetochore associated complex subunit 1"
1017,1.19e-25,1.9e-28,0.1265,11.06286248,1.4,301.36,"CDK2","cyclin dependent kinase 2"
6382,1.22e-25,2.01e-28,0.1994,11.05782018,2.21,132.68,"SDC1","syndecan 1"
1281,1.41e-25,2.4e-28,0.3139,11.04189083,3.47,2395.11,"COL3A1","collagen type III alpha 1 chain"
64105,1.76e-25,3.08e-28,0.1648,11.01933047,1.82,72.78,"CENPK","centromere protein K"
115908,4.91e-25,8.84e-28,0.2255,10.92408551,2.46,92.71,"CTHRC1","collagen triple helix repeat containing 1"
11200,4.93e-25,9.14e-28,0.1228,10.92112371,1.34,75.9,"CHEK2","checkpoint kinase 2"
9232,6.87e-25,1.31e-27,0.1697,10.88852697,1.85,168.92,"PTTG1","PTTG1 regulator of sister chromatid separation, securin"
332,7.17e-25,1.4e-27,0.2095,10.88222436,2.28,221.83,"BIRC5","baculoviral IAP repeat containing 5"
990,1.21e-24,2.42e-27,0.1393,10.83233794,1.51,101.36,"CDC6","cell division cycle 6"
1031,1.36e-24,2.79e-27,0.1577,10.81911645,1.71,583.8,"CDKN2C","cyclin dependent kinase inhibitor 2C"
3976,1.4e-24,2.94e-27,0.2848,10.81435526,3.08,131.81,"LIF","LIF interleukin 6 family cytokine"
4060,1.55e-24,3.35e-27,0.2573,10.80238986,2.78,228.48,"LUM","lumican"
991,2.05e-24,4.53e-27,0.1866,10.77468155,2.01,154.19,"CDC20","cell division cycle 20"
80832,2.1e-24,4.74e-27,0.2341,10.7705155,2.52,228.63,"APOL4","apolipoprotein L4"
4751,3.56e-24,8.25e-27,0.1984,10.71949523,2.13,72.65,"NEK2","NIMA related kinase 2"
7465,4.23e-24,1e-26,0.1456,10.70161847,1.56,336.92,"WEE1","WEE1 G2 checkpoint kinase"
64151,4.27e-24,1.03e-26,0.1446,10.69872763,1.55,173.22,"NCAPG","non-SMC condensin I complex subunit G"
10135,5.5e-24,1.36e-26,0.1967,10.67318878,2.1,3229.58,"NAMPT","nicotinamide phosphoribosyltransferase"
55723,6.68e-24,1.68e-26,0.1709,10.65325225,1.82,98.87,"ASF1B","anti-silencing function 1B histone chaperone"
10460,6.72e-24,1.73e-26,0.1358,10.65080543,1.45,278.23,"TACC3","transforming acidic coiled-coil containing protein 3"
374946,8.79e-24,2.31e-26,0.2015,10.62390886,2.14,323.71,"DRAXIN","dorsal inhibitory axon guidance protein"
1111,9.36e-24,2.5e-26,0.1075,10.61623589,1.14,190.46,"CHEK1","checkpoint kinase 1"
7422,9.74e-24,2.66e-26,0.238,10.61076515,2.53,2707.78,"VEGFA","vascular endothelial growth factor A"
56975,1.21e-23,3.44e-26,0.1621,10.58662371,1.72,1443.8,"FAM20C","FAM20C golgi associated secretory pathway kinase"
182,1.21e-23,3.41e-26,0.1303,10.58729872,1.38,1211.16,"JAG1","jagged canonical Notch ligand 1"
1033,1.42e-23,4.1e-26,0.1478,10.57016701,1.56,63.24,"CDKN3","cyclin dependent kinase inhibitor 3"
54751,1.84e-23,5.4e-26,0.1979,10.54427927,2.09,205.68,"FBLIM1","filamin binding LIM protein 1"
10403,2.48e-23,7.41e-26,0.1816,10.51443301,1.91,98.46,"NDC80","NDC80 kinetochore complex component"
7130,4.25e-23,1.29e-25,0.2033,10.46197366,2.13,46.94,"TNFAIP6","TNF alpha induced protein 6"
83540,4.94e-23,1.53e-25,0.1735,10.44617832,1.81,125.13,"NUF2","NUF2 component of NDC80 kinetochore complex"
157506,5.75e-23,1.81e-25,0.2146,10.43017107,2.24,720.12,"RDH10","retinol dehydrogenase 10"
1058,7.56e-23,2.45e-25,0.2112,10.40112266,2.2,40.12,"CENPA","centromere protein A"
890,7.69e-23,2.53e-25,0.1377,10.39793809,1.43,180.2,"CCNA2","cyclin A2"
24137,8.82e-23,2.99e-25,0.1757,10.38201608,1.82,175.4,"KIF4A","kinesin family member 4A"
493869,1.22e-22,4.22e-25,0.2398,10.34914275,2.48,85.06,"GPX8","glutathione peroxidase 8 (putative)"
55013,1.42e-22,4.97e-25,0.1742,10.33361987,1.8,188.61,"MCUB","mitochondrial calcium uniporter dominant negative subunit beta"
1282,1.53e-22,5.43e-25,0.2819,10.32499365,2.91,4340.92,"COL4A1","collagen type IV alpha 1 chain"
100874203,1.75e-22,6.32e-25,0.2604,10.31052135,2.68,99.1,"COL4A2-AS1","COL4A2 antisense RNA 1"
6241,1.94e-22,7.1e-25,0.2036,10.29921161,2.1,300.79,"RRM2","ribonucleotide reductase regulatory subunit M2"
6790,2.39e-22,8.87e-25,0.1407,10.27786629,1.45,96.97,"AURKA","aurora kinase A"
7272,2.66e-22,9.97e-25,0.1926,10.26652927,1.98,96,"TTK","TTK protein kinase"
1295,4.32e-22,1.64e-24,0.3023,10.21813933,3.09,215.58,"COL8A1","collagen type VIII alpha 1 chain"
2335,5.31e-22,2.05e-24,0.211,10.19677053,2.15,11836.71,"FN1","fibronectin 1"
4605,6.68e-22,2.61e-24,0.2286,10.17315033,2.33,239.8,"MYBL2","MYB proto-oncogene like 2"
22974,7.39e-22,2.93e-24,0.175,10.16202369,1.78,436.54,"TPX2","TPX2 microtubule nucleation factor"
4320,7.53e-22,3.02e-24,0.2328,10.15893392,2.37,71.05,"MMP11","matrix metallopeptidase 11"
283120,7.87e-22,3.2e-24,0.3819,10.15338339,3.88,163.76,"H19","H19 imprinted maternally expressed transcript"
64778,8.8e-22,3.62e-24,0.1164,10.1413077,1.18,618.89,"FNDC3B","fibronectin type III domain containing 3B"
1284,9.85e-22,4.11e-24,0.2584,10.12907187,2.62,3799.56,"COL4A2","collagen type IV alpha 2 chain"
51330,1.07e-21,4.51e-24,0.2367,10.11980619,2.4,279.75,"TNFRSF12A","TNF receptor superfamily member 12A"
10630,1.14e-21,4.88e-24,0.276,10.11209732,2.79,917.9,"PDPN","podoplanin"
195828,1.22e-21,5.28e-24,0.1325,10.10440438,1.34,180.03,"ZNF367","zinc finger protein 367"
7171,1.24e-21,5.43e-24,0.1136,10.10174879,1.15,3844.84,"TPM4","tropomyosin 4"
9833,1.54e-21,6.8e-24,0.196,10.07958142,1.98,103,"MELK","maternal embryonic leucine zipper kinase"
100288637,1.55e-21,6.95e-24,0.1436,10.07747981,1.45,51.24,"LOC100288637","OTU deubiquitinase 7A pseudogene"
11004,1.59e-21,7.18e-24,0.1903,10.07422842,1.92,170.23,"KIF2C","kinesin family member 2C"
102724852,1.73e-21,7.94e-24,0.39,10.06430999,3.92,177.36,"LOC102724852","replaced by ID 100033819"
9055,1.95e-21,9.04e-24,0.1352,10.05161098,1.36,394.81,"PRC1","protein regulator of cytokinesis 1"
283431,2.15e-21,1.01e-23,0.1662,10.04100873,1.67,106.32,"GAS2L3","growth arrest specific 2 like 3"
4256,2.18e-21,1.04e-23,0.2657,10.03770133,2.67,860.97,"MGP","matrix Gla protein"
100507118,2.18e-21,1.04e-23,0.1425,10.03730088,1.43,67.73,"PRC1-AS1","PRC1 antisense RNA 1"
23397,2.47e-21,1.21e-23,0.1702,10.02313708,1.71,143.46,"NCAPH","non-SMC condensin I complex subunit H"
11065,2.47e-21,1.2e-23,0.2159,10.02384853,2.16,168.58,"UBE2C","ubiquitin conjugating enzyme E2 C"
4016,2.72e-21,1.35e-23,0.2236,10.01235821,2.24,113.98,"LOXL1","lysyl oxidase like 1"
699,3.19e-21,1.59e-23,0.179,9.99580027,1.79,168.06,"BUB1","BUB1 mitotic checkpoint serine/threonine kinase"
983,3.35e-21,1.69e-23,0.1897,9.98994972,1.89,228.4,"CDK1","cyclin dependent kinase 1"
150468,4.96e-21,2.55e-23,0.1957,9.94883913,1.95,119.25,"CKAP2L","cytoskeleton associated protein 2 like"
1063,6.05e-21,3.17e-23,0.1869,9.92710897,1.86,656.3,"CENPF","centromere protein F"
1289,6.1e-21,3.23e-23,0.2586,9.92533523,2.57,620.7,"COL5A1","collagen type V alpha 1 chain"
255743,6.24e-21,3.34e-23,0.2454,9.92209478,2.43,614.68,"NPNT","nephronectin"
3915,6.52e-21,3.52e-23,0.1547,9.91669255,1.53,1503.48,"LAMC1","laminin subunit gamma 1"
80381,9.45e-21,5.15e-23,0.1248,9.87859665,1.23,1162.81,"CD276","CD276 molecule"
6781,1.24e-20,6.91e-23,0.3134,9.84921018,3.09,103.73,"STC1","stanniocalcin 1"
10635,1.24e-20,6.87e-23,0.1412,9.8498004,1.39,109.07,"RAD51AP1","RAD51 associated protein 1"
541471,1.29e-20,7.25e-23,0.2081,9.8443077,2.05,160.3,"MIR4435-2HG","MIR4435-2 host gene"
151246,1.47e-20,8.39e-23,0.1071,9.82969441,1.05,148.5,"SGO2","shugoshin 2"
9124,2.56e-20,1.49e-22,0.22,9.77165983,2.15,217.14,"PDLIM1","PDZ and LIM domain 1"
4234,2.89e-20,1.7e-22,0.167,9.75855861,1.63,242.15,"METTL1","methyltransferase 1, tRNA methylguanosine"
55789,3.04e-20,1.8e-22,0.1779,9.75268155,1.73,66.78,"DEPDC1B","DEP domain containing 1B"
1827,3.29e-20,1.96e-22,0.1655,9.74374721,1.61,2707.84,"RCAN1","regulator of calcineurin 1"
5888,3.44e-20,2.09e-22,0.1487,9.73753376,1.45,55.53,"RAD51","RAD51 recombinase"
4001,4.94e-20,3.05e-22,0.1582,9.69892375,1.53,556.43,"LMNB1","lamin B1"
8038,5.51e-20,3.43e-22,0.2358,9.68684784,2.28,240.27,"ADAM12","ADAM metallopeptidase domain 12"
112597,5.88e-20,3.69e-22,0.2239,9.67927662,2.17,62.76,"CYTOR","cytoskeleton regulator RNA"
2305,6.46e-20,4.09e-22,0.1798,9.66891927,1.74,431.44,"FOXM1","forkhead box M1"
4223,7.31e-20,4.66e-22,0.3423,9.65537678,3.31,82.48,"MEOX2","mesenchyme homeobox 2"
23480,1.11e-19,7.19e-22,0.18,9.610865,1.73,766.06,"SEC61G","SEC61 translocon subunit gamma"
3371,1.47e-19,9.78e-22,0.2059,9.57916473,1.97,5866.34,"TNC","tenascin C"
51512,1.58e-19,1.06e-21,0.1735,9.57117747,1.66,173.97,"GTSE1","G2 and S-phase expressed 1"
112268460,2.04e-19,1.37e-21,0.1282,9.54408191,1.22,42.4,"LOC112268460","uncharacterized LOC112268460"
84034,2.36e-19,1.6e-21,0.1985,9.52802634,1.89,191.09,"EMILIN2","elastin microfibril interfacer 2"
1192,2.81e-19,1.94e-21,0.1736,9.50817361,1.65,935.35,"CLIC1","chloride intracellular channel 1"
9156,3.05e-19,2.12e-21,0.19,9.49890799,1.8,81.16,"EXO1","exonuclease 1"
8407,3.55e-19,2.48e-21,0.1799,9.48249094,1.71,1797.29,"TAGLN2","transgelin 2"
11167,3.61e-19,2.54e-21,0.1688,9.47994015,1.6,2093.65,"FSTL1","follistatin like 1"
701,4.18e-19,2.97e-21,0.1961,9.46391869,1.86,148.89,"BUB1B","BUB1 mitotic checkpoint serine/threonine kinase B"
121457,4.34e-19,3.1e-21,0.121,9.4592901,1.14,194.95,"IKBIP","IKBKB interacting protein"
9787,4.84e-19,3.48e-21,0.2296,9.44706922,2.17,86.98,"DLGAP5","DLG associated protein 5"
1164,4.91e-19,3.56e-21,0.1461,9.44472417,1.38,172.74,"CKS2","CDC28 protein kinase regulatory subunit 2"
51203,6.46e-19,4.72e-21,0.1926,9.4153139,1.81,413.44,"NUSAP1","nucleolar and spindle associated protein 1"
23529,7.78e-19,5.72e-21,0.2432,9.39500477,2.28,52.33,"CLCF1","cardiotrophin like cytokine factor 1"
54210,7.83e-19,5.8e-21,0.3096,9.3935853,2.91,88.5,"TREM1","triggering receptor expressed on myeloid cells 1"
54478,8.05e-19,6.05e-21,0.1784,9.38919135,1.67,142.94,"PIMREG","PICALM interacting mitotic regulator"
7042,8.91e-19,6.73e-21,0.2276,9.37782239,2.13,949.23,"TGFB2","transforming growth factor beta 2"
57124,9.72e-19,7.4e-21,0.2549,9.3679225,2.39,266.14,"CD248","CD248 molecule"
7291,1.04e-18,7.94e-21,0.1984,9.36044877,1.86,42.12,"TWIST1","twist family bHLH transcription factor 1"
89839,1.42e-18,1.1e-20,0.1364,9.32630434,1.27,29.12,"ARHGAP11B","Rho GTPase activating protein 11B"
813,1.47e-18,1.14e-20,0.1385,9.32210991,1.29,2666.87,"CALU","calumenin"
115273,1.69e-18,1.32e-20,0.172,9.30658401,1.6,44.13,"RAB42","RAB42, member RAS oncogene family"
4323,1.74e-18,1.38e-20,0.19,9.30199889,1.77,1589.74,"MMP14","matrix metallopeptidase 14"
7153,1.74e-18,1.38e-20,0.2208,9.30174253,2.05,1040.03,"TOP2A","DNA topoisomerase II alpha"
3688,1.75e-18,1.39e-20,0.1276,9.30088976,1.19,3284.89,"ITGB1","integrin subunit beta 1"
9824,1.78e-18,1.43e-20,0.1451,9.29790773,1.35,182.2,"ARHGAP11A","Rho GTPase activating protein 11A"
79682,2.24e-18,1.82e-20,0.1416,9.27237638,1.31,160.87,"CENPU","centromere protein U"
6769,2.32e-18,1.89e-20,0.2757,9.26810841,2.56,58.05,"STAC","SH3 and cysteine rich domain"
113130,2.54e-18,2.09e-20,0.1496,9.25776106,1.39,226.34,"CDCA5","cell division cycle associated 5"
11082,2.84e-18,2.35e-20,0.3703,9.24518075,3.42,172.15,"ESM1","endothelial cell specific molecule 1"
3678,3.14e-18,2.62e-20,0.1835,9.23363997,1.69,544.39,"ITGA5","integrin subunit alpha 5"
63950,3.15e-18,2.64e-20,0.3125,9.23257305,2.88,84.22,"DMRTA2","DMRT like family A2"
112268430,3.39e-18,2.86e-20,0.2089,9.22393934,1.93,186.99,"LOC112268430",""
7298,3.66e-18,3.12e-20,0.1409,9.2146828,1.3,286.11,"TYMS","thymidylate synthetase"
406975,3.81e-18,3.27e-20,0.1758,9.20961594,1.62,62.3,"MIR198","microRNA 198"
9768,4.11e-18,3.55e-20,0.1787,9.20081792,1.64,87.42,"PCLAF","PCNA clamp associated factor"
151648,4.79e-18,4.16e-20,0.184,9.183738,1.69,47.19,"SGO1","shugoshin 1"
259266,4.82e-18,4.21e-20,0.2202,9.18245592,2.02,222.88,"ASPM","assembly factor for spindle microtubules"
9212,4.87e-18,4.28e-20,0.2043,9.18074244,1.88,90.25,"AURKB","aurora kinase B"
2316,5.05e-18,4.47e-20,0.1569,9.17619798,1.44,7951.34,"FLNA","filamin A"
147841,5.77e-18,5.19e-20,0.1886,9.15990895,1.73,81.86,"SPC24","SPC24 component of NDC80 kinetochore complex"
9953,6.65e-18,6.05e-20,0.2674,9.14339445,2.45,83.58,"HS3ST3B1","heparan sulfate-glucosamine 3-sulfotransferase 3B1"
84057,7.43e-18,6.8e-20,0.163,9.13074568,1.49,33.14,"MND1","meiotic nuclear divisions 1"
858,7.54e-18,6.94e-20,0.1724,9.1285815,1.57,300.96,"CAV2","caveolin 2"
83888,9.47e-18,8.77e-20,0.2597,9.1031707,2.36,49.88,"FGFBP2","fibroblast growth factor binding protein 2"
1117,1.06e-17,9.84e-20,0.3301,9.09069765,3,1624.04,"CHI3L2","chitinase 3 like 2"
5054,1.1e-17,1.03e-19,0.2879,9.08550945,2.62,1087.34,"SERPINE1","serpin family E member 1"
221150,1.33e-17,1.26e-19,0.1791,9.06371883,1.62,83.8,"SKA3","spindle and kinetochore associated complex subunit 3"
55215,1.34e-17,1.28e-19,0.1142,9.06205959,1.03,441.23,"FANCI","FA complementation group I"
302,1.38e-17,1.32e-19,0.2246,9.05840639,2.03,1852.23,"ANXA2","annexin A2"
9398,1.42e-17,1.36e-19,0.133,9.0551484,1.2,291.94,"CD101","CD101 molecule"
5347,1.43e-17,1.38e-19,0.1462,9.05358083,1.32,181.97,"PLK1","polo like kinase 1"
25895,1.53e-17,1.49e-19,0.1704,9.04567715,1.54,231.74,"EEF1AKMT3","EEF1A lysine methyltransferase 3"
3339,1.6e-17,1.56e-19,0.1969,9.04043266,1.78,1129.4,"HSPG2","heparan sulfate proteoglycan 2"
55355,1.7e-17,1.67e-19,0.1989,9.03329559,1.8,117.77,"HJURP","Holliday junction recognition protein"
107985017,2.04e-17,2.03e-19,0.2039,9.01152493,1.84,22.92,"LOC107985017","uncharacterized LOC107985017"
83879,2.41e-17,2.42e-19,0.1705,8.99254034,1.53,264.09,"CDCA7","cell division cycle associated 7"
3833,2.72e-17,2.76e-19,0.1925,8.97793168,1.73,222.24,"KIFC1","kinesin family member C1"
144455,2.95e-17,3.01e-19,0.2004,8.96850874,1.8,68.81,"E2F7","E2F transcription factor 7"
55872,4.21e-17,4.35e-19,0.2127,8.92772036,1.9,174.46,"PBK","PDZ binding kinase"
3912,4.31e-17,4.48e-19,0.1986,8.92435276,1.77,1020.6,"LAMB1","laminin subunit beta 1"
10733,4.57e-17,4.8e-19,0.1401,8.91675585,1.25,123.51,"PLK4","polo like kinase 4"
586,4.79e-17,5.05e-19,0.1743,8.91118312,1.55,773.87,"BCAT1","branched chain amino acid transaminase 1"
9697,5.53e-17,5.86e-19,0.1239,8.89457338,1.1,392.6,"TRAM2","translocation associated membrane protein 2"
64411,5.69e-17,6.06e-19,0.1576,8.89100962,1.4,360.55,"ARAP3","ArfGAP with RhoGAP domain, ankyrin repeat and PH domain 3"
11117,5.83e-17,6.24e-19,0.167,8.88775487,1.48,654.69,"EMILIN1","elastin microfibril interfacer 1"
6941,7.01e-17,7.54e-19,0.1149,8.86664507,1.02,217.53,"TCF19","transcription factor 19"
5355,7.09e-17,7.66e-19,0.1863,8.86488468,1.65,224.2,"PLP2","proteolipid protein 2"
157313,7.21e-17,7.83e-19,0.1998,8.86238278,1.77,71.79,"CDCA2","cell division cycle associated 2"
401944,7.33e-17,7.99e-19,0.2153,8.86009392,1.91,184.05,"LDLRAD2","low density lipoprotein receptor class A domain containing 2"
25886,7.75e-17,8.5e-19,0.1242,8.85332258,1.1,90.38,"POC1A","POC1 centriolar protein A"
2014,8.49e-17,9.39e-19,0.2558,8.84212494,2.26,294.82,"EMP3","epithelial membrane protein 3"
100129836,8.75e-17,9.72e-19,0.258,8.83823215,2.28,35.73,"COL4A2-AS2","COL4A2 antisense RNA 2"
83990,9.41e-17,1.06e-18,0.1876,8.82912171,1.66,83.89,"BRIP1","BRCA1 interacting helicase 1"
4017,9.75e-17,1.1e-18,0.2115,8.82458677,1.87,402.59,"LOXL2","lysyl oxidase like 2"
220042,1.16e-16,1.33e-18,0.1567,8.80288287,1.38,74.33,"DDIAS","DNA damage induced apoptosis suppressor"
3486,1.19e-16,1.37e-18,0.2743,8.79951589,2.41,1481.86,"IGFBP3","insulin like growth factor binding protein 3"
1293,1.27e-16,1.47e-18,0.2778,8.79180929,2.44,418.58,"COL6A3","collagen type VI alpha 3 chain"
301,1.29e-16,1.5e-18,0.2724,8.78999187,2.39,1752.11,"ANXA1","annexin A1"
1062,1.32e-16,1.55e-18,0.1836,8.78583535,1.61,153.23,"CENPE","centromere protein E"
11130,1.32e-16,1.55e-18,0.1457,8.78586097,1.28,242.08,"ZWINT","ZW10 interacting kinetochore protein"
90853,1.39e-16,1.66e-18,0.327,8.77844573,2.87,551.16,"SPOCD1","SPOC domain containing 1"
8463,1.56e-16,1.86e-18,0.1485,8.76547546,1.3,184.06,"TEAD2","TEA domain transcription factor 2"
64946,1.64e-16,1.96e-18,0.1228,8.75946488,1.08,129.1,"CENPH","centromere protein H"
29089,1.65e-16,1.98e-18,0.1438,8.75817272,1.26,130.8,"UBE2T","ubiquitin conjugating enzyme E2 T"
3161,1.67e-16,2.01e-18,0.1732,8.75648921,1.52,72.4,"HMMR","hyaluronan mediated motility receptor"
10123,1.69e-16,2.05e-18,0.1617,8.75425574,1.42,1160.91,"ARL4C","ADP ribosylation factor like GTPase 4C"
6491,2.42e-16,2.95e-18,0.1225,8.71345224,1.07,113.04,"STIL","STIL centriolar assembly protein"
304,2.47e-16,3.03e-18,0.2348,8.71019774,2.05,70.12,"ANXA2P2","annexin A2 pseudogene 2"
5271,2.47e-16,3.02e-18,0.1272,8.71064986,1.11,197,"SERPINB8","serpin family B member 8"
9260,2.55e-16,3.15e-18,0.1417,8.70601374,1.23,412.73,"PDLIM7","PDZ and LIM domain 7"
4171,2.82e-16,3.5e-18,0.1267,8.69395708,1.1,395.74,"MCM2","minichromosome maintenance complex component 2"
55038,2.95e-16,3.67e-18,0.1182,8.68848573,1.03,100.56,"CDCA4","cell division cycle associated 4"
55240,3.17e-16,3.97e-18,0.224,8.67977162,1.94,346.73,"STEAP3","STEAP3 metalloreductase"
7791,3.32e-16,4.17e-18,0.1315,8.67411332,1.14,2073.61,"ZYX","zyxin"
6588,3.35e-16,4.22e-18,0.3673,8.67271522,3.19,106.66,"SLN","sarcolipin"
3598,3.41e-16,4.32e-18,0.3022,8.67008462,2.62,116.77,"IL13RA2","interleukin 13 receptor subunit alpha 2"
10252,3.6e-16,4.59e-18,0.1848,8.66313666,1.6,301.78,"SPRY1","sprouty RTK signaling antagonist 1"
5292,3.92e-16,5.02e-18,0.1297,8.65291002,1.12,387.08,"PIM1","Pim-1 proto-oncogene, serine/threonine kinase"
5738,3.92e-16,5.05e-18,0.1384,8.65234568,1.2,833.15,"PTGFRN","prostaglandin F2 receptor inhibitor"
106633814,4.15e-16,5.37e-18,0.1384,8.64532956,1.2,108.29,"SNORA86","small nucleolar RNA, H/ACA box 86"
9871,4.2e-16,5.45e-18,0.1198,8.64352555,1.04,357.92,"SEC24D","SEC24 homolog D, COPII coat complex component"
633,4.26e-16,5.55e-18,0.1967,8.64146972,1.7,1965.84,"BGN","biglycan"
4085,4.6e-16,6.04e-18,0.1377,8.63169498,1.19,245.93,"MAD2L1","mitotic arrest deficient 2 like 1"
157570,4.6e-16,6.05e-18,0.1933,8.63153486,1.67,75.5,"ESCO2","establishment of sister chromatid cohesion N-acetyltransferase 2"
728463,4.61e-16,6.09e-18,0.2412,8.63084441,2.08,26.8,"TGFB2-AS1","TGFB2 antisense RNA 1 (head to head)"
5367,5.59e-16,7.45e-18,0.1422,8.60773452,1.22,11.93,"PMCH","pro-melanin concentrating hormone"
1869,5.87e-16,7.85e-18,0.1276,8.60179271,1.1,246.34,"E2F1","E2F transcription factor 1"
726,6.09e-16,8.18e-18,0.1362,8.59710388,1.17,1251.43,"CAPN5","calpain 5"
1154,6.64e-16,9.02e-18,0.1889,8.58577522,1.62,54.28,"CISH","cytokine inducible SH2 containing protein"
10644,7.43e-16,1.02e-17,0.2711,8.57206648,2.32,94.02,"IGF2BP2","insulin like growth factor 2 mRNA binding protein 2"
6004,7.47e-16,1.03e-17,0.2187,8.57104886,1.87,303.41,"RGS16","regulator of G protein signaling 16"
55010,8.5e-16,1.17e-17,0.1361,8.55560847,1.16,49.57,"PARPBP","PARP1 binding protein"
9319,9.87e-16,1.37e-17,0.1348,8.53795802,1.15,108.21,"TRIP13","thyroid hormone receptor interactor 13"
56992,1.01e-15,1.4e-17,0.1489,8.53529825,1.27,202.32,"KIF15","kinesin family member 15"
10112,1.15e-15,1.62e-17,0.1973,8.51841897,1.68,132.16,"KIF20A","kinesin family member 20A"
7041,1.16e-15,1.64e-17,0.1412,8.51680951,1.2,281.68,"TGFB1I1","transforming growth factor beta 1 induced transcript 1"
22918,1.18e-15,1.67e-17,0.215,8.51488851,1.83,770.68,"CD93","CD93 molecule"
8728,1.24e-15,1.77e-17,0.1465,8.50812294,1.25,284.56,"ADAM19","ADAM metallopeptidase domain 19"
3832,1.25e-15,1.78e-17,0.1573,8.50699994,1.34,275.8,"KIF11","kinesin family member 11"
100130701,1.5e-15,2.16e-17,0.1823,8.4850251,1.55,46.75,"LRRC58-DT","LRRC58 divergent transcript"
2177,1.67e-15,2.42e-17,0.1264,8.47179539,1.07,199.59,"FANCD2","FA complementation group D2"
81610,1.81e-15,2.64e-17,0.208,8.46150014,1.76,83.59,"FAM83D","family with sequence similarity 83 member D"
8857,1.87e-15,2.74e-17,0.2728,8.45723875,2.31,2786.01,"FCGBP","Fc gamma binding protein"
8840,2.13e-15,3.15e-17,0.2306,8.44102967,1.95,79.21,"CCN4","cellular communication network factor 4"
22943,2.31e-15,3.44e-17,0.2757,8.43072749,2.32,49.35,"DKK1","dickkopf WNT signaling pathway inhibitor 1"
6876,2.6e-15,3.89e-17,0.1945,8.41602371,1.64,1420.62,"TAGLN","transgelin"
3690,2.6e-15,3.89e-17,0.218,8.41605117,1.83,104,"ITGB3","integrin subunit beta 3"
81930,3.96e-15,5.97e-17,0.1816,8.36583856,1.52,50.77,"KIF18A","kinesin family member 18A"
8826,4.22e-15,6.38e-17,0.1284,8.35798305,1.07,1777.7,"IQGAP1","IQ motif containing GTPase activating protein 1"
83483,4.49e-15,6.81e-17,0.2157,8.35031655,1.8,356.61,"PLVAP","plasmalemma vesicle associated protein"
10788,5.05e-15,7.72e-17,0.1936,8.33543868,1.61,394.19,"IQGAP2","IQ motif containing GTPase activating protein 2"
9928,5.81e-15,8.91e-17,0.1929,8.31850097,1.6,115.35,"KIF14","kinesin family member 14"
10417,5.85e-15,9.01e-17,0.2607,8.31721625,2.17,186.29,"SPON2","spondin 2"
374393,6e-15,9.26e-17,0.1959,8.31385846,1.63,89.07,"FAM111B","FAM111 trypsin like peptidase B"
92689,6.2e-15,9.61e-17,0.1372,8.30956551,1.14,333.76,"FAM114A1","family with sequence similarity 114 member A1"
128239,6.76e-15,1.05e-16,0.2004,8.29896933,1.66,201.51,"IQGAP3","IQ motif containing GTPase activating protein 3"
25878,7.05e-15,1.1e-16,0.2219,8.29358884,1.84,266.44,"MXRA5","matrix remodeling associated 5"
837,7.67e-15,1.2e-16,0.1678,8.2832019,1.39,161.53,"CASP4","caspase 4"
800,8.28e-15,1.3e-16,0.124,8.27318988,1.03,3087.28,"CALD1","caldesmon 1"
84617,8.88e-15,1.41e-16,0.1238,8.26410694,1.02,567.73,"TUBB6","tubulin beta 6 class V"
10954,1.15e-14,1.83e-16,0.15,8.23250009,1.23,118.43,"PDIA5","protein disulfide isomerase family A member 5"
4162,1.16e-14,1.87e-16,0.1422,8.22992132,1.17,1919,"MCAM","melanoma cell adhesion molecule"
51659,1.16e-14,1.87e-16,0.137,8.23004395,1.13,113.92,"GINS2","GINS complex subunit 2"
1019,1.21e-14,1.96e-16,0.1616,8.22436995,1.33,1947.5,"CDK4","cyclin dependent kinase 4"
55603,1.23e-14,2e-16,0.1528,8.22210098,1.26,309.11,"TENT5A","terminal nucleotidyltransferase 5A"
285966,1.26e-14,2.06e-16,0.198,8.21855074,1.63,99.26,"TCAF2","TRPM8 channel associated factor 2"
1803,1.34e-14,2.22e-16,0.2319,8.20979686,1.9,71.26,"DPP4","dipeptidyl peptidase 4"
50507,1.38e-14,2.29e-16,0.2141,8.20561943,1.76,48.93,"NOX4","NADPH oxidase 4"
11339,1.42e-14,2.37e-16,0.1281,8.20152404,1.05,33.64,"OIP5","Opa interacting protein 5"
87,1.46e-14,2.45e-16,0.2074,8.1975285,1.7,2325.04,"ACTN1","actinin alpha 1"
387103,1.49e-14,2.51e-16,0.1442,8.19485534,1.18,34.7,"CENPW","centromere protein W"
51514,1.55e-14,2.62e-16,0.1816,8.18950591,1.49,175.58,"DTL","denticleless E3 ubiquitin protein ligase homolog"
131566,1.63e-14,2.76e-16,0.1236,8.18322819,1.01,624.22,"DCBLD2","discoidin, CUB and LCCL domain containing 2"
285,1.93e-14,3.29e-16,0.2224,8.16211017,1.82,385.8,"ANGPT2","angiopoietin 2"
22809,1.93e-14,3.3e-16,0.1359,8.16169497,1.11,379.84,"ATF5","activating transcription factor 5"
55247,2.09e-14,3.58e-16,0.2194,8.15181635,1.79,30.13,"NEIL3","nei like DNA glycosylase 3"
3070,2.09e-14,3.61e-16,0.1363,8.15113324,1.11,140.97,"HELLS","helicase, lymphoid specific"
1870,2.27e-14,3.92e-16,0.2174,8.1410145,1.77,84.21,"E2F2","E2F transcription factor 2"
63967,2.32e-14,4.03e-16,0.1796,8.13773366,1.46,123.18,"CLSPN","claspin"
9021,2.52e-14,4.41e-16,0.2946,8.1268561,2.39,708.93,"SOCS3","suppressor of cytokine signaling 3"
5480,2.54e-14,4.45e-16,0.1386,8.12557665,1.13,122.83,"PPIC","peptidylprolyl isomerase C"
100507347,2.57e-14,4.52e-16,0.2204,8.12382299,1.79,3832.5,"VIM-AS1","VIM antisense RNA 1"
25825,2.85e-14,5.03e-16,0.1497,8.11082832,1.21,327.72,"BACE2","beta-secretase 2"
360132,2.93e-14,5.18e-16,0.164,8.10709755,1.33,55.32,"FKBP9P1","FKBP prolyl isomerase 9 pseudogene 1"
2633,2.96e-14,5.26e-16,0.2155,8.10534167,1.75,721.53,"GBP1","guanylate binding protein 1"
29957,3.09e-14,5.52e-16,0.1307,8.09935878,1.06,175.44,"SLC25A24","solute carrier family 25 member 24"
55388,3.36e-14,6.01e-16,0.2049,8.08903709,1.66,97.67,"MCM10","minichromosome maintenance 10 replication initiation factor"
51129,3.41e-14,6.13e-16,0.2065,8.08680416,1.67,388.31,"ANGPTL4","angiopoietin like 4"
103611157,3.6e-14,6.48e-16,0.233,8.07990289,1.88,173.3,"TGFB2-OT1","TGFB2 overlapping transcript 1"
965,3.82e-14,6.9e-16,0.153,8.07219324,1.24,112.37,"CD58","CD58 molecule"
7903,3.82e-14,6.92e-16,0.1341,8.0718962,1.08,268.66,"ST8SIA4","ST8 alpha-N-acetyl-neuraminide alpha-2,8-sialyltransferase 4"
9902,3.82e-14,6.94e-16,0.1812,8.07159138,1.46,1763.89,"MRC2","mannose receptor C type 2"
6282,3.83e-14,6.98e-16,0.1874,8.07080886,1.51,724.01,"S100A11","S100 calcium binding protein A11"
8318,3.89e-14,7.11e-16,0.1983,8.0686036,1.6,94.05,"CDC45","cell division cycle 45"
2331,3.97e-14,7.28e-16,0.2416,8.06566709,1.95,200.74,"FMOD","fibromodulin"
79054,4.29e-14,7.93e-16,0.3526,8.0552676,2.84,83.94,"TRPM8","transient receptor potential cation channel subfamily M member 8"
55970,4.36e-14,8.07e-16,0.198,8.05313631,1.59,1281.7,"GNG12","G protein subunit gamma 12"
1021,4.37e-14,8.12e-16,0.1823,8.05244133,1.47,1478.48,"CDK6","cyclin dependent kinase 6"
710,4.74e-14,8.85e-16,0.1924,8.04187633,1.55,1259.54,"SERPING1","serpin family G member 1"
2048,4.79e-14,9e-16,0.1263,8.03984007,1.02,535.98,"EPHB2","EPH receptor B2"
5118,5.45e-14,1.03e-15,0.1879,8.02339731,1.51,219.15,"PCOLCE","procollagen C-endopeptidase enhancer"
4478,5.78e-14,1.1e-15,0.1723,8.01544655,1.38,3670.02,"MSN","moesin"
4071,5.84e-14,1.11e-15,0.1816,8.01381822,1.46,407,"TM4SF1","transmembrane 4 L six family member 1"
3221,6.5e-14,1.25e-15,0.2473,7.99962093,1.98,55.99,"HOXC4","homeobox C4"
23670,6.93e-14,1.34e-15,0.1323,7.99096266,1.06,544.63,"CEMIP2","cell migration inducing hyaluronidase 2"
105376486,9.01e-14,1.76e-15,0.1696,7.95744597,1.35,15.09,"LOC105376486",""
7431,9.44e-14,1.85e-15,0.2182,7.95095637,1.73,18538.69,"VIM","vimentin"
114769,1.01e-13,1.98e-15,0.185,7.94248051,1.47,66.3,"CARD16","caspase recruitment domain family member 16"
59,1.12e-13,2.21e-15,0.2182,7.92891413,1.73,860.64,"ACTA2","actin alpha 2, smooth muscle"
9674,1.17e-13,2.33e-15,0.1799,7.92243708,1.43,308.5,"KIAA0040","KIAA0040"
100132116,1.24e-13,2.49e-15,0.2188,7.91390819,1.73,350.11,"ACTA2-AS1","ACTA2 antisense RNA 1"
3162,1.24e-13,2.49e-15,0.2137,7.91394264,1.69,985.31,"HMOX1","heme oxygenase 1"
1636,1.32e-13,2.66e-15,0.1947,7.90575073,1.54,322.16,"ACE","angiotensin I converting enzyme"
81620,1.4e-13,2.85e-15,0.1444,7.89714778,1.14,151.13,"CDT1","chromatin licensing and DNA replication factor 1"
7200,1.45e-13,2.97e-15,0.3501,7.89196531,2.76,147.21,"TRH","thyrotropin releasing hormone"
960,1.68e-13,3.46e-15,0.2331,7.87310976,1.84,5152.35,"CD44","CD44 molecule (Indian blood group)"
995,1.69e-13,3.49e-15,0.1537,7.87187422,1.21,51.68,"CDC25C","cell division cycle 25C"
23704,1.72e-13,3.56e-15,0.199,7.86946702,1.57,202.86,"KCNE4","potassium voltage-gated channel subfamily E regulatory subunit 4"
1806,1.76e-13,3.66e-15,0.182,7.86613717,1.43,333.44,"DPYD","dihydropyrimidine dehydrogenase"
150368,1.95e-13,4.07e-15,0.1483,7.85273152,1.16,60.34,"PHETA2","PH domain containing endocytic trafficking adaptor 2"
116496,2.14e-13,4.51e-15,0.1855,7.83986244,1.45,472.13,"NIBAN1","niban apoptosis regulator 1"
56241,2.22e-13,4.69e-15,0.1969,7.83504793,1.54,128.87,"SUSD2","sushi domain containing 2"
79019,2.22e-13,4.7e-15,0.158,7.83459103,1.24,54.03,"CENPM","centromere protein M"
3082,2.34e-13,4.98e-15,0.2006,7.82736615,1.57,171.48,"HGF","hepatocyte growth factor"
79845,2.59e-13,5.54e-15,0.13,7.81390821,1.02,178.7,"RNF122","ring finger protein 122"
10024,2.74e-13,5.89e-15,0.226,7.80636987,1.76,120.63,"TROAP","trophinin associated protein"
3556,3.01e-13,6.47e-15,0.1728,7.79434229,1.35,546.24,"IL1RAP","interleukin 1 receptor accessory protein"
2028,3.31e-13,7.14e-15,0.2144,7.78200985,1.67,149.01,"ENPEP","glutamyl aminopeptidase"
57146,3.68e-13,7.97e-15,0.1327,7.76811653,1.03,102.83,"LDAF1","lipid droplet assembly factor 1"
7050,3.72e-13,8.07e-15,0.143,7.76649551,1.11,318.35,"TGIF1","TGFB induced factor homeobox 1"
2162,3.83e-13,8.33e-15,0.2661,7.76247051,2.07,655.72,"F13A1","coagulation factor XIII A chain"
2491,3.93e-13,8.57e-15,0.1328,7.75880153,1.03,84.04,"CENPI","centromere protein I"
7378,3.96e-13,8.65e-15,0.1554,7.75768679,1.21,243.83,"UPP1","uridine phosphorylase 1"
105373581,4.18e-13,9.21e-15,0.213,7.74971958,1.65,85.84,"LOC105373581","uncharacterized LOC105373581"
11173,4.31e-13,9.52e-15,0.1753,7.74549575,1.36,112.21,"ADAMTS7","ADAM metallopeptidase with thrombospondin type 1 motif 7"
100874111,4.55e-13,1.01e-14,0.188,7.73802816,1.46,38.87,"STEAP3-AS1","STEAP3 antisense RNA 1"
283971,4.79e-13,1.07e-14,0.1972,7.73116867,1.52,42.2,"CLEC18C","C-type lectin domain family 18 member C"
94031,4.9e-13,1.09e-14,0.2462,7.72814864,1.9,56.84,"HTRA3","HtrA serine peptidase 3"
110806300,5.33e-13,1.19e-14,0.2402,7.71661201,1.85,42.85,"FLNC-AS1","FLNC antisense RNA 1"
11156,5.33e-13,1.19e-14,0.1323,7.71668646,1.02,602.98,"PTP4A3","protein tyrosine phosphatase 4A3"
11067,5.47e-13,1.23e-14,0.1793,7.71269123,1.38,752.22,"DEPP1","DEPP autophagy regulator 1"
857,5.88e-13,1.33e-14,0.2044,7.70307977,1.57,714.39,"CAV1","caveolin 1"
768,6.03e-13,1.37e-14,0.2995,7.69924483,2.31,63.15,"CA9","carbonic anhydrase 9"
8835,6.11e-13,1.39e-14,0.213,7.69733873,1.64,384,"SOCS2","suppressor of cytokine signaling 2"
6648,6.26e-13,1.43e-14,0.2208,7.69396685,1.7,10534.8,"SOD2","superoxide dismutase 2"
100287616,6.55e-13,1.5e-14,0.2348,7.68752285,1.81,20.13,"LOXL1-AS1","LOXL1 antisense RNA 1"
861,6.58e-13,1.51e-14,0.201,7.68666948,1.55,407.64,"RUNX1","RUNX family transcription factor 1"
3672,6.86e-13,1.58e-14,0.1844,7.68069546,1.42,591.38,"ITGA1","integrin subunit alpha 1"
8438,7.09e-13,1.64e-14,0.1311,7.67634873,1.01,112.63,"RAD54L","RAD54 like"
715,7.79e-13,1.8e-14,0.2202,7.6639219,1.69,2026.42,"C1R","complement C1r"
2070,7.95e-13,1.84e-14,0.28,7.66106335,2.15,104.08,"EYA4","EYA transcriptional coactivator and phosphatase 4"
169611,8.11e-13,1.89e-14,0.1941,7.6580958,1.49,270.34,"OLFML2A","olfactomedin like 2A"
4007,8.25e-13,1.93e-14,0.162,7.65515604,1.24,90.84,"PRICKLE3","prickle planar cell polarity protein 3"
197021,8.98e-13,2.12e-14,0.1345,7.64309441,1.03,61.87,"LCTL","lactase like"
2146,9.48e-13,2.26e-14,0.1575,7.63499929,1.2,348.37,"EZH2","enhancer of zeste 2 polycomb repressive complex 2 subunit"
8444,9.83e-13,2.35e-14,0.1318,7.62971865,1.01,205.11,"DYRK3","dual specificity tyrosine phosphorylation regulated kinase 3"
4837,9.83e-13,2.35e-14,0.3233,7.62983472,2.47,242.93,"NNMT","nicotinamide N-methyltransferase"
7004,1.02e-12,2.45e-14,0.2114,7.62466343,1.61,82.27,"TEAD4","TEA domain transcription factor 4"
3426,1.04e-12,2.51e-14,0.2271,7.62125336,1.73,503.84,"CFI","complement factor I"
3627,1.09e-12,2.64e-14,0.313,7.61503793,2.38,103.99,"CXCL10","C-X-C motif chemokine ligand 10"
6696,1.17e-12,2.85e-14,0.2567,7.60500078,1.95,22605.74,"SPP1","secreted phosphoprotein 1"
55536,1.26e-12,3.1e-14,0.1548,7.59406053,1.18,392,"CDCA7L","cell division cycle associated 7 like"
57817,1.35e-12,3.33e-14,0.2725,7.58489471,2.07,73.92,"HAMP","hepcidin antimicrobial peptide"
10205,1.37e-12,3.39e-14,0.2302,7.58231359,1.75,44.75,"MPZL2","myelin protein zero like 2"
10437,1.46e-12,3.61e-14,0.2186,7.5741485,1.66,674.18,"IFI30","IFI30 lysosomal thiol reductase"
283487,1.47e-12,3.64e-14,0.1954,7.57313712,1.48,32.94,"PRECSIT","p53 regulated carcinoma associated Stat3 activating long intergenic non-protein coding transcript"
154761,1.86e-12,4.64e-14,0.2244,7.54162729,1.69,38.68,"LOC154761","family with sequence similarity 115, member C pseudogene"
2318,1.9e-12,4.76e-14,0.2425,7.53836403,1.83,1602.17,"FLNC","filamin C"
26511,1.96e-12,4.92e-14,0.1458,7.53402802,1.1,474.05,"CHIC2","cysteine rich hydrophobic domain 2"
602,2.05e-12,5.17e-14,0.1798,7.52747741,1.35,145.9,"BCL3","BCL3 transcription coactivator"
4232,2.07e-12,5.22e-14,0.142,7.52622418,1.07,1485.49,"MEST","mesoderm specific transcript"
5836,2.19e-12,5.55e-14,0.1734,7.5183586,1.3,630.37,"PYGL","glycogen phosphorylase L"
283,2.23e-12,5.7e-14,0.1583,7.514749,1.19,42.09,"ANG","angiogenin"
348174,2.36e-12,6.03e-14,0.1772,7.50733281,1.33,71.18,"CLEC18A","C-type lectin domain family 18 member A"
3310,2.51e-12,6.47e-14,0.239,7.49825567,1.79,116.47,"HSPA6","heat shock protein family A (Hsp70) member 6"
8208,2.62e-12,6.78e-14,0.151,7.4919879,1.13,107.8,"CHAF1B","chromatin assembly factor 1 subunit B"
1746,2.66e-12,6.91e-14,0.3383,7.48959464,2.53,48.78,"DLX2","distal-less homeobox 2"
81788,2.69e-12,7e-14,0.1609,7.48791737,1.2,75.31,"NUAK2","NUAK family kinase 2"
28526,3.17e-12,8.29e-14,0.246,7.46558475,1.84,33.08,"TRDC","T cell receptor delta constant"
284119,3.17e-12,8.3e-14,0.1757,7.46544847,1.31,1422.92,"CAVIN1","caveolae associated protein 1"
22795,3.53e-12,9.26e-14,0.1645,7.45106193,1.23,280.26,"NID2","nidogen 2"
339751,3.66e-12,9.63e-14,0.1663,7.44582373,1.24,33.21,"MAP3K20-AS1","MAP3K20 antisense RNA 1"
133,4.08e-12,1.09e-13,0.2255,7.42946435,1.68,185.8,"ADM","adrenomedullin"
4998,4.89e-12,1.32e-13,0.1909,7.40411499,1.41,58.74,"ORC1","origin recognition complex subunit 1"
57082,4.95e-12,1.34e-13,0.1966,7.40222822,1.45,148.42,"KNL1","kinetochore scaffold 1"
72,6.06e-12,1.65e-13,0.2963,7.37451249,2.19,87.72,"ACTG2","actin gamma 2, smooth muscle"
7516,6.14e-12,1.68e-13,0.1412,7.37208106,1.04,97.57,"XRCC2","X-ray repair cross complementing 2"
3488,7.11e-12,1.97e-13,0.1908,7.35079704,1.4,8366.02,"IGFBP5","insulin like growth factor binding protein 5"
5329,7.11e-12,1.97e-13,0.213,7.35080738,1.57,174.42,"PLAUR","plasminogen activator, urokinase receptor"
3481,7.11e-12,1.97e-13,0.2476,7.35051722,1.82,791.74,"IGF2","insulin like growth factor 2"
3487,8.02e-12,2.23e-13,0.1733,7.33411597,1.27,970.41,"IGFBP4","insulin like growth factor binding protein 4"
9518,8.13e-12,2.27e-13,0.2783,7.33203715,2.04,52.85,"GDF15","growth differentiation factor 15"
100506311,8.45e-12,2.37e-13,0.3257,7.32611082,2.39,50.98,"HOTAIRM1","HOXA transcript antisense RNA, myeloid-specific 1"
56901,9.7e-12,2.74e-13,0.1672,7.30638707,1.22,390.88,"NDUFA4L2","NDUFA4 mitochondrial complex associated like 2"
8829,9.96e-12,2.83e-13,0.1536,7.30210126,1.12,1032.57,"NRP1","neuropilin 1"
3958,9.99e-12,2.85e-13,0.212,7.30144221,1.55,684.48,"LGALS3","galectin 3"
107986649,1.07e-11,3.05e-13,0.1553,7.29207993,1.13,22.53,"LOC107986649",""
5627,1.07e-11,3.06e-13,0.1409,7.29172682,1.03,726.75,"PROS1","protein S"
11098,1.12e-11,3.21e-13,0.1831,7.28539671,1.33,665.77,"PRSS23","serine protease 23"
723961,1.18e-11,3.42e-13,0.2463,7.27671321,1.79,753.71,"INS-IGF2","INS-IGF2 readthrough"
993,1.2e-11,3.49e-13,0.1494,7.27393024,1.09,106.48,"CDC25A","cell division cycle 25A"
80310,1.2e-11,3.49e-13,0.2333,7.2741818,1.7,139.16,"PDGFD","platelet derived growth factor D"
3383,1.33e-11,3.92e-13,0.2176,7.25836513,1.58,455.99,"ICAM1","intercellular adhesion molecule 1"
1291,1.36e-11,4.02e-13,0.1435,7.25492637,1.04,4065.55,"COL6A1","collagen type VI alpha 1 chain"
10981,1.37e-11,4.05e-13,0.1563,7.25397751,1.13,127.4,"RAB32","RAB32, member RAS oncogene family"
1890,1.42e-11,4.22e-13,0.2154,7.2483004,1.56,395.74,"TYMP","thymidine phosphorylase"
259307,1.5e-11,4.48e-13,0.1433,7.24029931,1.04,95.72,"IL4I1","interleukin 4 induced 1"
11328,1.65e-11,4.97e-13,0.1616,7.22617398,1.17,1123.35,"FKBP9","FKBP prolyl isomerase 9"
497190,1.96e-11,5.95e-13,0.2124,7.20158063,1.53,97.84,"CLEC18B","C-type lectin domain family 18 member B"
123,2.05e-11,6.26e-13,0.1497,7.19475695,1.08,423.89,"PLIN2","perilipin 2"
30008,2.1e-11,6.43e-13,0.1733,7.19102464,1.25,577.82,"EFEMP2","EGF containing fibulin extracellular matrix protein 2"
51279,2.1e-11,6.42e-13,0.1889,7.19123915,1.36,296.8,"C1RL","complement C1r subcomponent like"
9180,2.11e-11,6.51e-13,0.1798,7.18941688,1.29,540.3,"OSMR","oncostatin M receptor"
3673,2.16e-11,6.69e-13,0.1639,7.18554923,1.18,349.86,"ITGA2","integrin subunit alpha 2"
84733,2.27e-11,7.02e-13,0.1715,7.17905424,1.23,205.84,"CBX2","chromobox 2"
3212,2.44e-11,7.56e-13,0.2976,7.16886343,2.13,49.18,"HOXB2","homeobox B2"
134265,2.51e-11,7.82e-13,0.1454,7.16430335,1.04,239.36,"AFAP1L1","actin filament associated protein 1 like 1"
130497,2.85e-11,8.95e-13,0.277,7.14574828,1.98,49.49,"OSR1","odd-skipped related transcription factor 1"
675,3.04e-11,9.6e-13,0.1667,7.13615383,1.19,101.94,"BRCA2","BRCA2 DNA repair associated"
4046,3.07e-11,9.7e-13,0.218,7.13471521,1.56,185.06,"LSP1","lymphocyte specific protein 1"
1594,3.11e-11,9.87e-13,0.2685,7.13236927,1.91,51.42,"CYP27B1","cytochrome P450 family 27 subfamily B member 1"
79883,3.59e-11,1.15e-12,0.1951,7.11141006,1.39,42.97,"PODNL1","podocan like 1"
3675,4.21e-11,1.37e-12,0.1703,7.08724712,1.21,746.48,"ITGA3","integrin subunit alpha 3"
7005,4.48e-11,1.47e-12,0.1769,7.07714706,1.25,110.62,"TEAD3","TEA domain transcription factor 3"
1749,4.64e-11,1.53e-12,0.305,7.07213663,2.16,69.87,"DLX5","distal-less homeobox 5"
6405,4.65e-11,1.53e-12,0.1967,7.07159047,1.39,120.6,"SEMA3F","semaphorin 3F"
79642,4.78e-11,1.58e-12,0.1956,7.06700814,1.38,117.78,"ARSJ","arylsulfatase family member J"
219790,4.81e-11,1.6e-12,0.1718,7.06561417,1.21,129.56,"RTKN2","rhotekin 2"
347735,4.97e-11,1.66e-12,0.2007,7.0601864,1.42,87.67,"SERINC2","serine incorporator 2"
10008,5.01e-11,1.68e-12,0.1747,7.05884332,1.23,115.31,"KCNE3","potassium voltage-gated channel subfamily E regulatory subunit 3"
3956,5.23e-11,1.76e-12,0.1685,7.05252401,1.19,1728.63,"LGALS1","galectin 1"
115004,5.25e-11,1.77e-12,0.1488,7.05164543,1.05,48.51,"CGAS","cyclic GMP-AMP synthase"
85027,5.32e-11,1.79e-12,0.158,7.04969246,1.11,334.25,"SMIM3","small integral membrane protein 3"
135398,5.5e-11,1.86e-12,0.2985,7.04495328,2.1,36,"C6orf141","chromosome 6 open reading frame 141"
55220,5.79e-11,1.97e-12,0.2213,7.03677834,1.56,1081.88,"KLHDC8A","kelch domain containing 8A"
202,5.9e-11,2.01e-12,0.193,7.03398837,1.36,120.85,"CRYBG1","crystallin beta-gamma domain containing 1"
57125,6.03e-11,2.06e-12,0.1737,7.03066247,1.22,602.18,"PLXDC1","plexin domain containing 1"
2615,6.04e-11,2.06e-12,0.2184,7.03004129,1.54,238.95,"LRRC32","leucine rich repeat containing 32"
3659,6.12e-11,2.1e-12,0.1524,7.02783342,1.07,345.37,"IRF1","interferon regulatory factor 1"
4430,6.43e-11,2.21e-12,0.1637,7.0205039,1.15,657.29,"MYO1B","myosin IB"
27091,8.07e-11,2.82e-12,0.3389,6.98661802,2.37,141.66,"CACNG5","calcium voltage-gated channel auxiliary subunit gamma 5"
57664,8.7e-11,3.05e-12,0.196,6.97520368,1.37,612.67,"PLEKHA4","pleckstrin homology domain containing A4"
26136,9.42e-11,3.31e-12,0.1645,6.96381856,1.15,102.79,"TES","testin LIM domain protein"
414236,9.77e-11,3.44e-12,0.2511,6.9582917,1.75,59.76,"C10orf55","chromosome 10 putative open reading frame 55"
60676,1.03e-10,3.66e-12,0.22,6.94979305,1.53,146.75,"PAPPA2","pappalysin 2"
53834,1.07e-10,3.83e-12,0.1481,6.94320843,1.03,569.53,"FGFRL1","fibroblast growth factor receptor like 1"
641700,1.14e-10,4.15e-12,0.1767,6.93196714,1.22,127.15,"ECSCR","endothelial cell surface expressed chemotaxis and apoptosis regulator"
3315,1.14e-10,4.15e-12,0.1739,6.9321469,1.21,2036.61,"HSPB1","heat shock protein family B (small) member 1"
9508,1.16e-10,4.21e-12,0.2591,6.92982066,1.8,106.46,"ADAMTS3","ADAM metallopeptidase with thrombospondin type 1 motif 3"
114990,1.27e-10,4.66e-12,0.2331,6.91558691,1.61,173.84,"VASN","vasorin"
5352,1.34e-10,4.93e-12,0.1487,6.90744755,1.03,975.01,"PLOD2","procollagen-lysine,2-oxoglutarate 5-dioxygenase 2"
2006,1.39e-10,5.12e-12,0.1626,6.9020828,1.12,1368.1,"ELN","elastin"
3075,1.54e-10,5.72e-12,0.175,6.88640933,1.2,347.53,"CFH","complement factor H"
8651,1.56e-10,5.8e-12,0.1822,6.88437806,1.25,26.6,"SOCS1","suppressor of cytokine signaling 1"
115265,1.6e-10,6.01e-12,0.3195,6.87944098,2.2,105.43,"DDIT4L","DNA damage inducible transcript 4 like"
7057,1.72e-10,6.52e-12,0.2581,6.86787054,1.77,636.51,"THBS1","thrombospondin 1"
390,1.77e-10,6.71e-12,0.1673,6.86359713,1.15,657.6,"RND3","Rho family GTPase 3"
389792,1.77e-10,6.73e-12,0.1703,6.86319339,1.17,335.77,"IER5L","immediate early response 5 like"
717,1.79e-10,6.82e-12,0.1664,6.86145383,1.14,365.73,"C2","complement C2"
8542,1.89e-10,7.24e-12,0.1804,6.85280149,1.24,225.03,"APOL1","apolipoprotein L1"
50486,2.05e-10,7.92e-12,0.299,6.83998513,2.04,36.03,"G0S2","G0/G1 switch 2"
4288,2.05e-10,7.93e-12,0.2043,6.83982419,1.4,662.45,"MKI67","marker of proliferation Ki-67"
83742,2.07e-10,8.01e-12,0.1664,6.83832896,1.14,231.26,"MARVELD1","MARVEL domain containing 1"
102725238,2.09e-10,8.13e-12,0.1995,6.83627429,1.36,18.59,"LOC102725238","uncharacterized LOC102725238"
5570,2.14e-10,8.36e-12,0.1996,6.83228812,1.36,101.6,"PKIB","cAMP-dependent protein kinase inhibitor beta"
3910,2.15e-10,8.38e-12,0.1577,6.83181607,1.08,1116.45,"LAMA4","laminin subunit alpha 4"
83871,2.3e-10,8.99e-12,0.1848,6.82175498,1.26,297.22,"RAB34","RAB34, member RAS oncogene family"
5328,2.36e-10,9.25e-12,0.2629,6.81774657,1.79,290.68,"PLAU","plasminogen activator, urokinase"
8572,2.43e-10,9.58e-12,0.2606,6.81267409,1.78,225.76,"PDLIM4","PDZ and LIM domain 4"
9123,2.44e-10,9.62e-12,0.1821,6.81202595,1.24,286.19,"SLC16A3","solute carrier family 16 member 3"
6038,2.45e-10,9.66e-12,0.1674,6.81146019,1.14,127.5,"RNASE4","ribonuclease A family member 4"
54829,2.5e-10,9.91e-12,0.2148,6.80773809,1.46,55.85,"ASPN","asporin"
4283,2.68e-10,1.07e-11,0.2965,6.79740053,2.02,51.96,"CXCL9","C-X-C motif chemokine ligand 9"
241,2.7e-10,1.08e-11,0.2024,6.79573798,1.38,416.42,"ALOX5AP","arachidonate 5-lipoxygenase activating protein"
1134,2.72e-10,1.09e-11,0.3016,6.79447356,2.05,46.33,"CHRNA1","cholinergic receptor nicotinic alpha 1 subunit"
11247,2.72e-10,1.09e-11,0.2106,6.79453677,1.43,100.53,"NXPH4","neurexophilin 4"
12,2.73e-10,1.09e-11,0.3146,6.79371901,2.14,6240.75,"SERPINA3","serpin family A member 3"
2888,2.82e-10,1.13e-11,0.2413,6.78846138,1.64,54.19,"GRB14","growth factor receptor bound protein 14"
4811,3.12e-10,1.26e-11,0.1726,6.77301711,1.17,1511.81,"NID1","nidogen 1"
80781,3.39e-10,1.38e-11,0.1702,6.75997088,1.15,1744.15,"COL18A1","collagen type XVIII alpha 1 chain"
4237,3.55e-10,1.45e-11,0.2811,6.75307379,1.9,46.68,"MFAP2","microfibril associated protein 2"
5008,3.69e-10,1.51e-11,0.2835,6.74673941,1.91,75.03,"OSM","oncostatin M"
4481,3.72e-10,1.52e-11,0.2191,6.74553993,1.48,594.57,"MSR1","macrophage scavenger receptor 1"
4804,3.75e-10,1.54e-11,0.228,6.74407749,1.54,354.13,"NGFR","nerve growth factor receptor"
80329,4.04e-10,1.68e-11,0.2556,6.73151446,1.72,22.85,"ULBP1","UL16 binding protein 1"
132299,4.06e-10,1.69e-11,0.2268,6.73069408,1.53,180.09,"OCIAD2","OCIA domain containing 2"
10410,4.14e-10,1.72e-11,0.1734,6.72784398,1.17,1898.72,"IFITM3","interferon induced transmembrane protein 3"
7045,4.27e-10,1.79e-11,0.2349,6.7225049,1.58,1227.79,"TGFBI","transforming growth factor beta induced"
112464,4.32e-10,1.81e-11,0.191,6.7205455,1.28,41.37,"CAVIN3","caveolae associated protein 3"
83903,4.49e-10,1.89e-11,0.207,6.71413619,1.39,33.81,"HASPIN","histone H3 associated protein kinase"
10451,5.17e-10,2.21e-11,0.2158,6.69144049,1.44,125.13,"VAV3","vav guanine nucleotide exchange factor 3"
7056,5.17e-10,2.21e-11,0.2472,6.69126914,1.65,161.39,"THBD","thrombomodulin"
107985050,5.28e-10,2.26e-11,0.154,6.68818209,1.03,14.2,"LOC107985050",""
1647,5.42e-10,2.32e-11,0.1935,6.68407104,1.29,865.47,"GADD45A","growth arrest and DNA damage inducible alpha"
8323,5.68e-10,2.45e-11,0.1541,6.67615776,1.03,156.25,"FZD6","frizzled class receptor 6"
79465,5.78e-10,2.51e-11,0.2173,6.67301414,1.45,28.97,"ULBP3","UL16 binding protein 3"
5359,5.93e-10,2.58e-11,0.1565,6.66899235,1.04,451.66,"PLSCR1","phospholipid scramblase 1"
137835,6.21e-10,2.71e-11,0.2066,6.66126032,1.38,38.23,"TMEM71","transmembrane protein 71"
100128927,6.52e-10,2.86e-11,0.1534,6.65343872,1.02,79.21,"ZBTB42","zinc finger and BTB domain containing 42"
1306,6.73e-10,2.97e-11,0.2464,6.64815509,1.64,168.67,"COL15A1","collagen type XV alpha 1 chain"
64332,7.53e-10,3.37e-11,0.1758,6.62927016,1.17,197.02,"NFKBIZ","NFKB inhibitor zeta"
8862,7.54e-10,3.38e-11,0.1872,6.6288755,1.24,1488.88,"APLN","apelin"
125111,7.65e-10,3.44e-11,0.1666,6.62637102,1.1,49.92,"GJD3","gap junction protein delta 3"
2020,8.63e-10,3.91e-11,0.2453,6.60736591,1.62,51.91,"EN2","engrailed homeobox 2"
6398,1.07e-09,4.91e-11,0.1861,6.57370164,1.22,63.8,"SECTM1","secreted and transmembrane 1"
84935,1.08e-09,4.96e-11,0.285,6.57198382,1.87,26.36,"MEDAG","mesenteric estrogen dependent adipogenesis"
2214,1.19e-09,5.54e-11,0.2274,6.55560825,1.49,1894.58,"FCGR3A","Fc gamma receptor IIIa"
3235,1.42e-09,6.7e-11,0.4063,6.52719566,2.65,51.95,"HOXD9","homeobox D9"
624,1.47e-09,7e-11,0.261,6.52058979,1.7,55.52,"BDKRB2","bradykinin receptor B2"
3669,1.49e-09,7.12e-11,0.1629,6.51819464,1.06,64.05,"ISG20","interferon stimulated exonuclease gene 20"
84793,1.54e-09,7.37e-11,0.2202,6.51284474,1.43,25.84,"FOXD2-AS1","FOXD2 adjacent opposite strand RNA 1"
290,1.56e-09,7.48e-11,0.1898,6.51063691,1.24,112.1,"ANPEP","alanyl aminopeptidase, membrane"
2171,1.6e-09,7.69e-11,0.2724,6.50662926,1.77,648.63,"FABP5","fatty acid binding protein 5"
834,1.61e-09,7.78e-11,0.1562,6.5047739,1.02,219.82,"CASP1","caspase 1"
3493,1.64e-09,7.91e-11,0.3893,6.5022663,2.53,87.45,"IGHA1","immunoglobulin heavy constant alpha 1"
2019,1.66e-09,8.09e-11,0.3975,6.49889458,2.58,38.5,"EN1","engrailed homeobox 1"
284992,1.83e-09,9e-11,0.1623,6.48291784,1.05,43.29,"CCDC150","coiled-coil domain containing 150"
54,2.06e-09,1.02e-10,0.196,6.4639361,1.27,76.7,"ACP5","acid phosphatase 5, tartrate resistant"
56892,2.07e-09,1.03e-10,0.2329,6.46297489,1.51,441.44,"TCIM","transcriptional and immune response regulator"
5820,2.11e-09,1.05e-10,0.2167,6.45992253,1.4,41.16,"PVT1","Pvt1 oncogene"
8842,2.14e-09,1.07e-10,0.1694,6.45724639,1.09,263.2,"PROM1","prominin 1"
1396,2.15e-09,1.07e-10,0.1953,6.45621617,1.26,88.62,"CRIP1","cysteine rich protein 1"
6591,2.19e-09,1.1e-10,0.1987,6.45309584,1.28,93.41,"SNAI2","snail family transcriptional repressor 2"
23231,2.33e-09,1.17e-10,0.2047,6.44274687,1.32,407.3,"SEL1L3","SEL1L family member 3"
2012,2.37e-09,1.19e-10,0.2084,6.44022187,1.34,1714.43,"EMP1","epithelial membrane protein 1"
29015,2.58e-09,1.31e-10,0.1683,6.42609242,1.08,304.3,"SLC43A3","solute carrier family 43 member 3"
109729184,2.58e-09,1.31e-10,0.2133,6.42577251,1.37,52.06,"SLC12A5-AS1","SLC12A5 and MMP9 antisense RNA 1"
100506115,2.64e-09,1.34e-10,0.2405,6.42246128,1.54,16.96,"PELATON","plaque enriched lncRNA in atherosclerotic and inflammatory bowel macrophage regulation"
79962,2.73e-09,1.39e-10,0.1635,6.41643783,1.05,77.37,"DNAJC22","DnaJ heat shock protein family (Hsp40) member C22"
25816,3.06e-09,1.57e-10,0.1752,6.39823756,1.12,68.99,"TNFAIP8","TNF alpha induced protein 8"
399473,3.22e-09,1.67e-10,0.1705,6.38912754,1.09,198.19,"SPRED3","sprouty related EVH1 domain containing 3"
3576,3.33e-09,1.74e-10,0.33,6.38311885,2.11,146.51,"CXCL8","C-X-C motif chemokine ligand 8"
121506,3.34e-09,1.75e-10,0.2207,6.38194716,1.41,19.02,"ERP27","endoplasmic reticulum protein 27"
221833,3.43e-09,1.8e-10,0.3481,6.37746343,2.22,34.43,"SP8","Sp8 transcription factor"
7044,3.79e-09,2.01e-10,0.322,6.3609563,2.05,82.6,"LEFTY2","left-right determination factor 2"
51316,3.85e-09,2.03e-10,0.2349,6.35868112,1.49,20.43,"PLAC8","placenta associated 8"
4313,4e-09,2.13e-10,0.1629,6.35162596,1.03,1086.44,"MMP2","matrix metallopeptidase 2"
11015,4.07e-09,2.17e-10,0.1619,6.34857638,1.03,49.59,"KDELR3","KDEL endoplasmic reticulum protein retention receptor 3"
254268,4.68e-09,2.52e-10,0.1969,6.32604652,1.25,50.06,"AKNAD1","AKNA domain containing 1"
629,4.9e-09,2.64e-10,0.1998,6.3184126,1.26,201.52,"CFB","complement factor B"
100288866,4.9e-09,2.64e-10,0.2218,6.31836476,1.4,18.26,"NGFR-AS1","NGFR antisense RNA 1"
112268296,5.09e-09,2.75e-10,0.2043,6.31197343,1.29,21.09,"LOC112268296",""
4982,5.27e-09,2.87e-10,0.2697,6.30587368,1.7,64.92,"TNFRSF11B","TNF receptor superfamily member 11b"
10537,5.34e-09,2.91e-10,0.2296,6.30342874,1.45,100.98,"UBD","ubiquitin D"
1847,5.34e-09,2.91e-10,0.2063,6.30347591,1.3,149.47,"DUSP5","dual specificity phosphatase 5"
84171,5.37e-09,2.93e-10,0.261,6.30250748,1.65,49.46,"LOXL4","lysyl oxidase like 4"
148170,5.58e-09,3.06e-10,0.1878,6.29582213,1.18,15.38,"CDC42EP5","CDC42 effector protein 5"
6036,5.7e-09,3.14e-10,0.258,6.29189826,1.62,34.2,"RNASE2","ribonuclease A family member 2"
1303,5.86e-09,3.23e-10,0.1814,6.28747169,1.14,284.23,"COL12A1","collagen type XII alpha 1 chain"
57010,5.92e-09,3.26e-10,0.1606,6.28567089,1.01,42.88,"CABP4","calcium binding protein 4"
2302,6.47e-09,3.59e-10,0.2553,6.27090747,1.6,288.34,"FOXJ1","forkhead box J1"
23601,6.48e-09,3.6e-10,0.3537,6.27036383,2.22,72.83,"CLEC5A","C-type lectin domain containing 5A"
29126,6.56e-09,3.65e-10,0.1733,6.26832036,1.09,81.16,"CD274","CD274 molecule"
10319,6.86e-09,3.84e-10,0.1833,6.26020999,1.15,355.45,"LAMC3","laminin subunit gamma 3"
91419,6.88e-09,3.86e-10,0.1731,6.25957487,1.08,60.46,"ATP23","ATP23 metallopeptidase and ATP synthase assembly factor homolog"
1075,7.07e-09,3.97e-10,0.1665,6.25516944,1.04,779.97,"CTSC","cathepsin C"
3037,7.13e-09,4e-10,0.2077,6.25387073,1.3,225.09,"HAS2","hyaluronan synthase 2"
1969,7.53e-09,4.25e-10,0.178,6.24472809,1.11,165.62,"EPHA2","EPH receptor A2"
23643,7.66e-09,4.33e-10,0.1676,6.2417958,1.05,91.08,"LY96","lymphocyte antigen 96"
100129845,8.19e-09,4.66e-10,0.1847,6.23006007,1.15,32.38,"PCOLCE-AS1","PCOLCE antisense RNA 1"
9052,8.24e-09,4.7e-10,0.3081,6.22883011,1.92,63.65,"GPRC5A","G protein-coupled receptor class C group 5 member A"
7035,8.27e-09,4.72e-10,0.2465,6.22823623,1.54,351.38,"TFPI","tissue factor pathway inhibitor"
1800,8.29e-09,4.73e-10,0.2847,6.22773525,1.77,63.73,"DPEP1","dipeptidase 1"
25937,8.49e-09,4.87e-10,0.1844,6.22330702,1.15,1504.48,"WWTR1","WW domain containing transcription regulator 1"
283314,8.92e-09,5.15e-10,0.1715,6.2144182,1.07,35.63,"C1RL-AS1","C1RL antisense RNA 1"
9976,9.14e-09,5.3e-10,0.167,6.2100559,1.04,89.1,"CLEC2B","C-type lectin domain family 2 member B"
10468,9.21e-09,5.35e-10,0.2011,6.20843288,1.25,66.65,"FST","follistatin"
100507156,9.29e-09,5.4e-10,0.1724,6.20706207,1.07,24.94,"LOC100507156","uncharacterized LOC100507156"
101927646,9.36e-09,5.45e-10,0.2343,6.20552385,1.45,107.89,"LOC101927646","uncharacterized LOC101927646"
64220,9.59e-09,5.62e-10,0.2239,6.20071856,1.39,61.6,"STRA6","signaling receptor and transporter of retinol STRA6"
8061,9.87e-09,5.79e-10,0.2297,6.19601809,1.42,47.94,"FOSL1","FOS like 1, AP-1 transcription factor subunit"
389136,1.01e-08,5.96e-10,0.2051,6.19143994,1.27,34.85,"VGLL3","vestigial like family member 3"
10538,1.03e-08,6.05e-10,0.2315,6.18918896,1.43,15.23,"BATF","basic leucine zipper ATF-like transcription factor"
2042,1.04e-08,6.16e-10,0.1634,6.1863633,1.01,194.99,"EPHA3","EPH receptor A3"
728715,1.06e-08,6.27e-10,0.3123,6.18345894,1.93,190.94,"LOC728715","ovostatin homolog 2"
2152,1.16e-08,6.89e-10,0.1903,6.16849073,1.17,1787.11,"F3","coagulation factor III, tissue factor"
9510,1.18e-08,7.04e-10,0.194,6.16523567,1.2,497.92,"ADAMTS1","ADAM metallopeptidase with thrombospondin type 1 motif 1"
80183,1.18e-08,7.08e-10,0.1646,6.16436252,1.01,162.16,"RUBCNL","rubicon like autophagy enhancer"
5265,1.22e-08,7.3e-10,0.2212,6.15952986,1.36,426.79,"SERPINA1","serpin family A member 1"
64005,1.35e-08,8.14e-10,0.2165,6.14215766,1.33,79.35,"MYO1G","myosin IG"
101927825,1.35e-08,8.15e-10,0.1877,6.14188299,1.15,22.86,"LOC101927825","uncharacterized LOC101927825"
11013,1.37e-08,8.31e-10,0.2448,6.13896313,1.5,101.1,"TMSB15A","thymosin beta 15A"
646424,1.4e-08,8.55e-10,0.2412,6.13427442,1.48,19.76,"SPINK8","serine peptidase inhibitor Kazal type 8 (putative)"
254228,1.46e-08,8.93e-10,0.175,6.12746262,1.07,54.78,"CALHM5","calcium homeostasis modulator family member 5"
81831,1.46e-08,8.95e-10,0.1679,6.12715717,1.03,590.33,"NETO2","neuropilin and tolloid like 2"
2213,1.54e-08,9.47e-10,0.2649,6.11804784,1.62,108.14,"FCGR2B","Fc gamma receptor IIb"
56925,1.54e-08,9.51e-10,0.1815,6.11738222,1.11,68.06,"LXN","latexin"
101,1.6e-08,9.88e-10,0.166,6.11132839,1.01,150.67,"ADAM8","ADAM metallopeptidase domain 8"
115572,1.73e-08,1.08e-09,0.2691,6.09759807,1.64,45.53,"TENT5B","terminal nucleotidyltransferase 5B"
5457,1.88e-08,1.18e-09,0.3179,6.08331502,1.93,46.5,"POU4F1","POU class 4 homeobox 1"
80380,1.88e-08,1.18e-09,0.1936,6.08284449,1.18,47.57,"PDCD1LG2","programmed cell death 1 ligand 2"
2355,2.13e-08,1.35e-09,0.1663,6.06156735,1.01,1172.11,"FOSL2","FOS like 2, AP-1 transcription factor subunit"
102465454,2.25e-08,1.43e-09,0.2015,6.05175495,1.22,18.96,"MIR6758","microRNA 6758"
3514,2.4e-08,1.54e-09,0.3383,6.0397283,2.04,153.33,"IGKC","immunoglobulin kappa constant"
9332,2.44e-08,1.57e-09,0.2795,6.03653446,1.69,1143.48,"CD163","CD163 molecule"
8714,2.56e-08,1.66e-09,0.344,6.02754028,2.07,318.75,"ABCC3","ATP binding cassette subfamily C member 3"
26509,2.86e-08,1.88e-09,0.1717,6.00784811,1.03,667.98,"MYOF","myoferlin"
9509,2.88e-08,1.9e-09,0.1981,6.00640971,1.19,149.89,"ADAMTS2","ADAM metallopeptidase with thrombospondin type 1 motif 2"
3676,3.13e-08,2.08e-09,0.1738,5.99146619,1.04,235.02,"ITGA4","integrin subunit alpha 4"
150771,3.16e-08,2.1e-09,0.1686,5.98978721,1.01,91.57,"ITPRIPL1","ITPRIP like 1"
9620,3.3e-08,2.2e-09,0.2537,5.98258332,1.52,199.09,"CELSR1","cadherin EGF LAG seven-pass G-type receptor 1"
115290,3.41e-08,2.28e-09,0.2027,5.97679206,1.21,148.44,"FBXO17","F-box protein 17"
27350,3.67e-08,2.46e-09,0.1695,5.96427842,1.01,193.93,"APOBEC3C","apolipoprotein B mRNA editing enzyme catalytic subunit 3C"
56911,3.83e-08,2.58e-09,0.213,5.95625773,1.27,106.24,"MAP3K7CL","MAP3K7 C-terminal like"
79961,3.88e-08,2.62e-09,0.1749,5.95376689,1.04,80.95,"DENND2D","DENN domain containing 2D"
5013,3.88e-08,2.62e-09,0.2475,5.95377381,1.47,82.39,"OTX1","orthodenticle homeobox 1"
7026,3.89e-08,2.63e-09,0.1913,5.95313881,1.14,484.36,"NR2F2","nuclear receptor subfamily 2 group F member 2"
219285,4.05e-08,2.75e-09,0.1714,5.94602907,1.02,640.2,"SAMD9L","sterile alpha motif domain containing 9 like"
6768,4.09e-08,2.77e-09,0.2077,5.94442391,1.23,146.58,"ST14","ST14 transmembrane serine protease matriptase"
3560,4.5e-08,3.08e-09,0.2313,5.92751065,1.37,38.2,"IL2RB","interleukin 2 receptor subunit beta"
7161,4.65e-08,3.19e-09,0.2198,5.9214128,1.3,94.11,"TP73","tumor protein p73"
597,4.67e-08,3.2e-09,0.2471,5.92080057,1.46,49.13,"BCL2A1","BCL2 related protein A1"
4838,4.99e-08,3.44e-09,0.1999,5.90908534,1.18,41.67,"NODAL","nodal growth differentiation factor"
5551,5.11e-08,3.53e-09,0.2103,5.90466829,1.24,48.81,"PRF1","perforin 1"
55214,5.31e-08,3.68e-09,0.1909,5.89776778,1.13,189.21,"P3H2","prolyl 3-hydroxylase 2"
170825,5.67e-08,3.97e-09,0.3647,5.88559463,2.15,27.92,"GSX2","GS homeobox 2"
5918,5.81e-08,4.07e-09,0.2036,5.8814713,1.2,39.11,"RARRES1","retinoic acid receptor responder 1"
2634,5.84e-08,4.09e-09,0.2442,5.88032472,1.44,754.23,"GBP2","guanylate binding protein 2"
201780,6.1e-08,4.29e-09,0.2277,5.87260279,1.34,125.79,"SLC10A4","solute carrier family 10 member 4"
81848,6.84e-08,4.88e-09,0.2283,5.85127431,1.34,598.85,"SPRY4","sprouty RTK signaling antagonist 4"
285888,6.85e-08,4.9e-09,0.2624,5.8506739,1.54,34.64,"CNPY1","canopy FGF signaling regulator 1"
10398,6.85e-08,4.9e-09,0.2001,5.85067839,1.17,595.23,"MYL9","myosin light chain 9"
822,7.27e-08,5.21e-09,0.1856,5.8404148,1.08,687.32,"CAPG","capping actin protein, gelsolin like"
2307,7.84e-08,5.66e-09,0.2012,5.826379,1.17,37.51,"FOXS1","forkhead box S1"
9077,8.12e-08,5.9e-09,0.221,5.81968617,1.29,127.85,"DIRAS3","DIRAS family GTPase 3"
79733,8.91e-08,6.52e-09,0.2152,5.80279343,1.25,44.07,"E2F8","E2F transcription factor 8"
101928034,8.94e-08,6.55e-09,0.2251,5.80212261,1.31,23.82,"LOC101928034","uncharacterized LOC101928034"
1475,9.44e-08,6.96e-09,0.2691,5.79190969,1.56,20.95,"CSTA","cystatin A"
152573,9.65e-08,7.14e-09,0.2002,5.78768141,1.16,30.76,"SHISA3","shisa family member 3"
63898,9.77e-08,7.24e-09,0.2535,5.78516861,1.47,43.85,"SH2D4A","SH2 domain containing 4A"
136288,9.82e-08,7.28e-09,0.3446,5.78428494,1.99,52.46,"C7orf57","chromosome 7 open reading frame 57"
4645,9.88e-08,7.34e-09,0.1896,5.78288362,1.1,179.49,"MYO5B","myosin VB"
3491,1.04e-07,7.73e-09,0.2442,5.77415206,1.41,1419.31,"CCN1","cellular communication network factor 1"
400759,1.06e-07,7.97e-09,0.2176,5.76918205,1.26,26.62,"GBP1P1","guanylate binding protein 1 pseudogene 1"
3101,1.16e-07,8.74e-09,0.1975,5.75360884,1.14,86.54,"HK3","hexokinase 3"
106635534,1.2e-07,9.08e-09,0.1776,5.74714509,1.02,75.64,"SNORA104","small nucleolar RNA, H/ACA box 104"
643911,1.24e-07,9.44e-09,0.2923,5.740541,1.68,76,"CRNDE","colorectal neoplasia differentially expressed"
25903,1.26e-07,9.61e-09,0.193,5.73743876,1.11,352.82,"OLFML2B","olfactomedin like 2B"
57549,1.29e-07,9.84e-09,0.2242,5.73347876,1.29,70.64,"IGSF9","immunoglobulin superfamily member 9"
256236,1.4e-07,1.09e-08,0.2528,5.71667698,1.45,262.17,"NAPSB","napsin B aspartic peptidase, pseudogene"
4004,1.53e-07,1.19e-08,0.2172,5.70044461,1.24,103.87,"LMO1","LIM domain only 1"
7351,1.56e-07,1.22e-08,0.1801,5.69668622,1.03,646.86,"UCP2","uncoupling protein 2"
55351,1.59e-07,1.25e-08,0.1856,5.69272217,1.06,181.58,"STK32B","serine/threonine kinase 32B"
9700,1.59e-07,1.25e-08,0.2253,5.69280393,1.28,155.77,"ESPL1","extra spindle pole bodies like 1, separase"
115111,1.74e-07,1.38e-08,0.2546,5.67604251,1.45,41.47,"SLC26A7","solute carrier family 26 member 7"
26577,1.95e-07,1.56e-08,0.2173,5.65474678,1.23,84.98,"PCOLCE2","procollagen C-endopeptidase enhancer 2"
10516,2.1e-07,1.7e-08,0.2183,5.64017496,1.23,453.64,"FBLN5","fibulin 5"
716,2.19e-07,1.77e-08,0.2104,5.63286477,1.19,1499.24,"C1S","complement C1s"
3554,2.21e-07,1.8e-08,0.2006,5.63046789,1.13,285.12,"IL1R1","interleukin 1 receptor type 1"
93010,2.43e-07,1.99e-08,0.2103,5.61273359,1.18,80.79,"B3GNT7","UDP-GlcNAc:betaGal beta-1,3-N-acetylglucosaminyltransferase 7"
7373,2.43e-07,2e-08,0.227,5.61218875,1.27,317.61,"COL14A1","collagen type XIV alpha 1 chain"
1956,2.59e-07,2.13e-08,0.2328,5.60080977,1.3,11044.84,"EGFR","epidermal growth factor receptor"
6999,2.61e-07,2.15e-08,0.245,5.59952467,1.37,27.32,"TDO2","tryptophan 2,3-dioxygenase"
9103,2.68e-07,2.22e-08,0.2297,5.59372896,1.29,120.69,"FCGR2C","Fc gamma receptor IIc (gene/pseudogene)"
105374836,2.95e-07,2.48e-08,0.2018,5.57478663,1.13,52.73,"LOC105374836","uncharacterized LOC105374836"
112268112,3.21e-07,2.71e-08,0.2315,5.55902272,1.29,204.5,"LOC112268112",""
105375284,3.23e-07,2.74e-08,0.2543,5.55741963,1.41,40.64,"LOC105375284","uncharacterized LOC105375284"
5947,3.28e-07,2.78e-08,0.2537,5.55452308,1.41,483.85,"RBP1","retinol binding protein 1"
146909,3.64e-07,3.11e-08,0.1933,5.53513428,1.07,224.43,"KIF18B","kinesin family member 18B"
165,3.86e-07,3.32e-08,0.2437,5.52369,1.35,3423.59,"AEBP1","AE binding protein 1"
6275,4.09e-07,3.54e-08,0.2392,5.5121647,1.32,102.77,"S100A4","S100 calcium binding protein A4"
101930452,4.46e-07,3.91e-08,0.3019,5.49506663,1.66,46.74,"LINC02367","long intergenic non-protein coding RNA 2367"
101928079,4.62e-07,4.07e-08,0.1912,5.48770963,1.05,67.91,"SLC44A3-AS1","SLC44A3 antisense RNA 1"
2297,4.84e-07,4.3e-08,0.2052,5.47811292,1.12,151.49,"FOXD1","forkhead box D1"
7225,4.91e-07,4.38e-08,0.2128,5.47492192,1.17,66.4,"TRPC6","transient receptor potential cation channel subfamily C member 6"
3489,5.02e-07,4.49e-08,0.2404,5.47052905,1.32,130.68,"IGFBP6","insulin like growth factor binding protein 6"
6664,5.99e-07,5.45e-08,0.193,5.43605349,1.05,1157.96,"SOX11","SRY-box transcription factor 11"
375295,6.03e-07,5.49e-08,0.2463,5.43471276,1.34,30.75,"LINC01116","long intergenic non-protein coding RNA 1116"
221091,6.19e-07,5.67e-08,0.2619,5.42891143,1.42,84.95,"LRRN4CL","LRRN4 C-terminal like"
6280,6.33e-07,5.81e-08,0.2773,5.42446114,1.5,215.33,"S100A9","S100 calcium binding protein A9"
929,6.44e-07,5.93e-08,0.2201,5.42075251,1.19,1243.34,"CD14","CD14 molecule"
112268267,6.46e-07,5.95e-08,0.2163,5.42014871,1.17,142.11,"LOC112268267","uncharacterized LOC112268267"
2173,6.9e-07,6.42e-08,0.2018,5.40681546,1.09,1950.95,"FABP7","fatty acid binding protein 7"
6347,7.61e-07,7.15e-08,0.291,5.38725612,1.57,732.95,"CCL2","C-C motif chemokine ligand 2"
6373,8.12e-07,7.7e-08,0.2477,5.37409445,1.33,28.77,"CXCL11","C-X-C motif chemokine ligand 11"
23682,8.15e-07,7.74e-08,0.2042,5.37314261,1.1,14.04,"RAB38","RAB38, member RAS oncogene family"
284403,8.65e-07,8.3e-08,0.2021,5.36049393,1.08,169.8,"WDR62","WD repeat domain 62"
101929974,9.4e-07,9.11e-08,0.2559,5.34360312,1.37,14.02,"LOC101929974","uncharacterized LOC101929974"
55024,9.44e-07,9.16e-08,0.2257,5.3426791,1.21,28.41,"BANK1","B cell scaffold protein with ankyrin repeats 1"
105378842,9.7e-07,9.45e-08,0.1906,5.33694558,1.02,19.45,"LOC105378842","uncharacterized LOC105378842"
1234,1.06e-06,1.05e-07,0.2227,5.31754764,1.18,79.37,"CCR5","C-C motif chemokine receptor 5"
1356,1.11e-06,1.1e-07,0.2481,5.30932941,1.32,690.12,"CP","ceruloplasmin"
100506585,1.13e-06,1.12e-07,0.2066,5.30561921,1.1,32.3,"PTPRN2-AS1","PTPRN2 antisense RNA 1"
1296,1.18e-06,1.18e-07,0.1969,5.29630568,1.04,196.72,"COL8A2","collagen type VIII alpha 2 chain"
100996348,1.23e-06,1.23e-07,0.1942,5.28851983,1.03,35.67,"CA3-AS1","CA3 antisense RNA 1"
441168,1.29e-06,1.3e-07,0.202,5.27825334,1.07,42.49,"CALHM6","calcium homeostasis modulator family member 6"
8477,1.31e-06,1.33e-07,0.2409,5.27483577,1.27,84.75,"GPR65","G protein-coupled receptor 65"
56245,1.33e-06,1.35e-07,0.2291,5.27170822,1.21,484.67,"C21orf62","chromosome 21 open reading frame 62"
1588,1.37e-06,1.39e-07,0.228,5.26695952,1.2,30.43,"CYP19A1","cytochrome P450 family 19 subfamily A member 1"
53831,1.53e-06,1.58e-07,0.2439,5.24251042,1.28,24.55,"GPR84","G protein-coupled receptor 84"
114897,1.62e-06,1.68e-07,0.1954,5.23167954,1.02,629.79,"C1QTNF1","C1q and TNF related 1"
408186,1.7e-06,1.78e-07,0.2552,5.22064912,1.33,94.02,"LOC408186","alpha-2-macroglobulin like 1 pseudogene"
115362,1.77e-06,1.86e-07,0.231,5.21305971,1.2,72.74,"GBP5","guanylate binding protein 5"
3291,1.87e-06,1.98e-07,0.2027,5.2014961,1.05,39.29,"HSD11B2","hydroxysteroid 11-beta dehydrogenase 2"
22925,1.89e-06,2e-07,0.2366,5.19906688,1.23,114.65,"PLA2R1","phospholipase A2 receptor 1"
167838,1.9e-06,2.01e-07,0.2316,5.19827241,1.2,121.98,"TXLNB","taxilin beta"
3507,1.94e-06,2.06e-07,0.3495,5.19376452,1.82,54.13,"IGHM","immunoglobulin heavy constant mu"
8740,2e-06,2.13e-07,0.311,5.18757356,1.61,32.55,"TNFSF14","TNF superfamily member 14"
3726,2.25e-06,2.43e-07,0.2055,5.16311904,1.06,2172.35,"JUNB","JunB proto-oncogene, AP-1 transcription factor subunit"
940,2.3e-06,2.5e-07,0.2375,5.15793281,1.22,23.94,"CD28","CD28 molecule"
3501,2.31e-06,2.51e-07,0.4732,5.15693576,2.44,150.14,"IGHG2","immunoglobulin heavy constant gamma 2 (G2m marker)"
25975,2.38e-06,2.59e-07,0.2908,5.1508044,1.5,18.53,"EGFL6","EGF like domain multiple 6"
100820829,2.38e-06,2.6e-07,0.2252,5.15059583,1.16,53.68,"MYZAP","myocardial zonula adherens protein"
2202,2.47e-06,2.71e-07,0.2154,5.14272707,1.11,3502.28,"EFEMP1","EGF containing fibulin extracellular matrix protein 1"
84417,3.44e-06,3.93e-07,0.2027,5.07226083,1.03,73.48,"ECRG4","ECRG4 augurin precursor"
389558,3.48e-06,3.98e-07,0.2681,5.06971604,1.36,69.89,"FAM180A","family with sequence similarity 180 member A"
3232,3.54e-06,4.07e-07,0.3245,5.06586497,1.64,57.17,"HOXD3","homeobox D3"
3557,3.67e-06,4.23e-07,0.2888,5.05839278,1.46,38,"IL1RN","interleukin 1 receptor antagonist"
2191,4.28e-06,5.04e-07,0.2003,5.0248509,1.01,69.24,"FAP","fibroblast activation protein alpha"
202333,4.46e-06,5.28e-07,0.2268,5.0158083,1.14,249.76,"CMYA5","cardiomyopathy associated 5"
140766,4.55e-06,5.41e-07,0.2135,5.01105176,1.07,130.75,"ADAMTS14","ADAM metallopeptidase with thrombospondin type 1 motif 14"
2591,4.98e-06,5.98e-07,0.2215,4.99195752,1.11,55.89,"GALNT3","polypeptide N-acetylgalactosaminyltransferase 3"
11185,5.87e-06,7.15e-07,0.2498,4.95736952,1.24,37.69,"INMT","indolethylamine N-methyltransferase"
10371,6.06e-06,7.44e-07,0.2272,4.94949353,1.12,189.15,"SEMA3A","semaphorin 3A"
1745,6.3e-06,7.76e-07,0.2951,4.94127285,1.46,152.39,"DLX1","distal-less homeobox 1"
3671,6.6e-06,8.17e-07,0.2119,4.93121873,1.04,335,"ISLR","immunoglobulin superfamily containing leucine rich repeat"
6274,6.78e-06,8.43e-07,0.2793,4.92508995,1.38,25.6,"S100A3","S100 calcium binding protein A3"
358,7.03e-06,8.77e-07,0.27,4.91730862,1.33,7466.56,"AQP1","aquaporin 1 (Colton blood group)"
113763,7.14e-06,8.93e-07,0.2082,4.91377037,1.02,27.68,"ZBED10P","zinc finger BED-type containing 10, pseudogene"
117247,7.81e-06,9.85e-07,0.2055,4.89457481,1.01,73.55,"SLC16A10","solute carrier family 16 member 10"
8701,7.86e-06,9.92e-07,0.2085,4.89326587,1.02,191.31,"DNAH11","dynein axonemal heavy chain 11"
2300,7.86e-06,9.92e-07,0.2118,4.89318594,1.04,27.84,"FOXL1","forkhead box L1"
9955,7.91e-06,1e-06,0.2621,4.89159244,1.28,34.98,"HS3ST3A1","heparan sulfate-glucosamine 3-sulfotransferase 3A1"
3234,8.03e-06,1.02e-06,0.3602,4.88801957,1.76,91.93,"HOXD8","homeobox D8"
200132,8.14e-06,1.04e-06,0.3081,4.88486421,1.5,52.29,"DYNLT5","dynein light chain Tctex-type family member 5"
10578,8.26e-06,1.05e-06,0.2482,4.88184798,1.21,36.55,"GNLY","granulysin"
1958,8.42e-06,1.07e-06,0.2568,4.87744376,1.25,4812.93,"EGR1","early growth response 1"
7538,8.79e-06,1.13e-06,0.2231,4.86751026,1.09,1906.58,"ZFP36","ZFP36 ring finger protein"
3233,8.88e-06,1.14e-06,0.3322,4.86505591,1.62,144.42,"HOXD4","homeobox D4"
100507500,8.94e-06,1.15e-06,0.2475,4.86344738,1.2,157.19,"EGFR-AS1","EGFR antisense RNA 1"
23213,8.98e-06,1.16e-06,0.2348,4.86250221,1.14,1144.04,"SULF1","sulfatase 1"
26002,1.01e-05,1.32e-06,0.358,4.83637455,1.73,558.81,"MOXD1","monooxygenase DBH like 1"
8532,1.01e-05,1.32e-06,0.2559,4.83604451,1.24,68.84,"CPZ","carboxypeptidase Z"
146802,1.07e-05,1.41e-06,0.2691,4.82303327,1.3,99.56,"SLC47A2","solute carrier family 47 member 2"
341640,1.08e-05,1.43e-06,0.2165,4.82086235,1.04,367.15,"FREM2","FRAS1 related extracellular matrix 2"
1264,1.09e-05,1.44e-06,0.2562,4.818959,1.23,73.47,"CNN1","calponin 1"
2735,1.11e-05,1.47e-06,0.2477,4.8148792,1.19,65.82,"GLI1","GLI family zinc finger 1"
91977,1.13e-05,1.5e-06,0.2339,4.81164077,1.13,50.47,"MYOZ3","myozenin 3"
100287366,1.14e-05,1.52e-06,0.2412,4.80863606,1.16,16.6,"OSTM1-AS1","OSTM1 antisense RNA 1"
6676,1.2e-05,1.61e-06,0.2111,4.79667164,1.01,29.38,"SPAG4","sperm associated antigen 4"
3783,1.21e-05,1.63e-06,0.2137,4.79482797,1.02,41.48,"KCNN4","potassium calcium-activated channel subfamily N member 4"
132884,1.25e-05,1.68e-06,0.249,4.78881926,1.19,49.11,"EVC2","EvC ciliary complex subunit 2"
78989,1.44e-05,1.98e-06,0.2472,4.75541731,1.18,30.31,"COLEC11","collectin subfamily member 11"
137902,1.44e-05,1.99e-06,0.2593,4.75444056,1.23,53.99,"PXDNL","peroxidasin like"
642273,1.49e-05,2.06e-06,0.2714,4.7470567,1.29,74.4,"FAM110C","family with sequence similarity 110 member C"
158158,1.59e-05,2.22e-06,0.2777,4.73193675,1.31,36.33,"RASEF","RAS and EF-hand domain containing"
3039,1.6e-05,2.24e-06,0.2576,4.73031591,1.22,1396.16,"HBA1","hemoglobin subunit alpha 1"
23237,1.71e-05,2.42e-06,0.2361,4.71470832,1.11,897.71,"ARC","activity regulated cytoskeleton associated protein"
100419170,1.72e-05,2.43e-06,0.2744,4.71379752,1.29,20.92,"LOC100419170","toll like receptor 2 pseudogene"
26191,1.72e-05,2.45e-06,0.2427,4.71262836,1.14,28.55,"PTPN22","protein tyrosine phosphatase non-receptor type 22"
5104,1.75e-05,2.48e-06,0.3396,4.70972353,1.6,49.71,"SERPINA5","serpin family A member 5"
5919,1.83e-05,2.63e-06,0.2762,4.69774488,1.3,194.38,"RARRES2","retinoic acid receptor responder 2"
4069,1.84e-05,2.63e-06,0.2605,4.69751454,1.22,347.42,"LYZ","lysozyme"
28755,1.89e-05,2.72e-06,0.2215,4.69057522,1.04,42.1,"TRAC","T cell receptor alpha constant"
3311,1.97e-05,2.84e-06,0.2719,4.6821457,1.27,129.99,"HSPA7","heat shock protein family A (Hsp70) member 7 (pseudogene)"
10457,1.97e-05,2.84e-06,0.2554,4.68202042,1.2,1263.11,"GPNMB","glycoprotein nmb"
100996301,1.98e-05,2.87e-06,0.3106,4.68016994,1.45,32.73,"FOXD3-AS1","FOXD3 antisense RNA 1"
6281,2.08e-05,3.03e-06,0.2158,4.6689041,1.01,1193.95,"S100A10","S100 calcium binding protein A10"
3559,2.28e-05,3.36e-06,0.3929,4.64721531,1.83,36.53,"IL2RA","interleukin 2 receptor subunit alpha"
3575,2.33e-05,3.44e-06,0.2263,4.64249458,1.05,64.16,"IL7R","interleukin 7 receptor"
6279,2.37e-05,3.51e-06,0.2969,4.63818466,1.38,104.78,"S100A8","S100 calcium binding protein A8"
107987172,2.48e-05,3.72e-06,0.2566,4.62652316,1.19,16.23,"LOC107987172",""
170689,2.52e-05,3.78e-06,0.2553,4.62329603,1.18,316.9,"ADAMTS15","ADAM metallopeptidase with thrombospondin type 1 motif 15"
100506071,2.75e-05,4.18e-06,0.2216,4.60218113,1.02,21.54,"LOC100506071","uncharacterized LOC100506071"
10265,2.93e-05,4.49e-06,0.3368,4.58750641,1.55,31.58,"IRX5","iroquois homeobox 5"
1750,3.09e-05,4.77e-06,0.316,4.57459485,1.45,44.4,"DLX6","distal-less homeobox 6"
1690,3.12e-05,4.83e-06,0.2202,4.57213684,1.01,51.2,"COCH","cochlin"
3127,3.28e-05,5.1e-06,0.2494,4.56056686,1.14,957.85,"HLA-DRB5","major histocompatibility complex, class II, DR beta 5"
3118,3.29e-05,5.11e-06,0.2765,4.56022559,1.26,156.45,"HLA-DQA2","major histocompatibility complex, class II, DQ alpha 2"
4602,3.37e-05,5.25e-06,0.2486,4.55452434,1.13,31.6,"MYB","MYB proto-oncogene, transcription factor"
64231,3.41e-05,5.32e-06,0.2397,4.55177415,1.09,619.58,"MS4A6A","membrane spanning 4-domains A6A"
253738,3.51e-05,5.49e-06,0.2944,4.54512591,1.34,35.43,"EBF3","EBF transcription factor 3"
1043,3.59e-05,5.63e-06,0.2218,4.53971672,1.01,34.46,"CD52","CD52 molecule"
1236,3.6e-05,5.65e-06,0.2475,4.53892639,1.12,16.57,"CCR7","C-C motif chemokine receptor 7"
55282,3.82e-05,6.04e-06,0.2221,4.52494359,1.01,27.3,"LRRC36","leucine rich repeat containing 36"
83987,4.34e-05,7.02e-06,0.2332,4.49320475,1.05,89.16,"CCDC8","coiled-coil domain containing 8"
90050,4.36e-05,7.07e-06,0.2521,4.49168309,1.13,129.35,"FAM181A","family with sequence similarity 181 member A"
7421,4.72e-05,7.74e-06,0.2754,4.47226923,1.23,28.3,"VDR","vitamin D receptor"
3217,5.42e-05,9.04e-06,0.2905,4.43902025,1.29,31.1,"HOXB7","homeobox B7"
10721,5.77e-05,9.72e-06,0.2273,4.42322994,1.01,83.34,"POLQ","DNA polymerase theta"
3040,6.71e-05,1.15e-05,0.2522,4.38612433,1.11,1498.84,"HBA2","hemoglobin subunit alpha 2"
3137,7.12e-05,1.23e-05,0.2499,4.37173959,1.09,178.25,"HLA-J","major histocompatibility complex, class I, J (pseudogene)"
2587,7.21e-05,1.25e-05,0.234,4.36853561,1.02,202.75,"GALR1","galanin receptor 1"
3120,7.48e-05,1.31e-05,0.2658,4.3591755,1.16,75.83,"HLA-DQB2","major histocompatibility complex, class II, DQ beta 2"
5322,7.91e-05,1.39e-05,0.2863,4.34497855,1.24,106.59,"PLA2G5","phospholipase A2 group V"
283592,8.53e-05,1.51e-05,0.2354,4.3268751,1.02,35.09,"FAM181A-AS1","FAM181A antisense RNA 1"
64641,0.000121,2.26e-05,0.2842,4.23766032,1.2,26.22,"EBF2","EBF transcription factor 2"
3500,0.000131,2.48e-05,0.4166,4.21667868,1.76,181.41,"IGHG1","immunoglobulin heavy constant gamma 1 (G1m marker)"
4807,0.000134,2.53e-05,0.2548,4.21174503,1.07,41.39,"NHLH1","nescient helix-loop-helix 1"
153478,0.000138,2.62e-05,0.2863,4.20447205,1.2,87.63,"PLEKHG4B","pleckstrin homology and RhoGEF domain containing G4B"
7850,0.000145,2.77e-05,0.2776,4.19143842,1.16,19.06,"IL1R2","interleukin 1 receptor type 2"
348807,0.000147,2.82e-05,0.2934,4.18778117,1.23,41.67,"CFAP100","cilia and flagella associated protein 100"
346389,0.000152,2.93e-05,0.2752,4.17894685,1.15,21.29,"MACC1","MET transcriptional regulator MACC1"
771,0.000157,3.04e-05,0.2444,4.17016273,1.02,665.46,"CA12","carbonic anhydrase 12"
112268317,0.000184,3.64e-05,0.2808,4.12936429,1.16,31.02,"LOC112268317","extensin-like"
4883,2e-04,3.99e-05,0.2481,4.10784051,1.02,57.62,"NPR3","natriuretic peptide receptor 3"
92749,0.000221,4.5e-05,0.3542,4.08033936,1.45,63.62,"DRC1","dynein regulatory complex subunit 1"
10874,0.000284,6.04e-05,0.2644,4.01137055,1.06,29.28,"NMU","neuromedin U"
6424,0.00031,6.66e-05,0.2709,3.98817624,1.08,455.58,"SFRP4","secreted frizzled related protein 4"
729230,0.00032,6.91e-05,0.2773,3.97938385,1.1,19.64,"CCR2","C-C motif chemokine receptor 2"
57823,0.00035,7.68e-05,0.2573,3.95415639,1.02,31.05,"SLAMF7","SLAM family member 7"
100131390,0.000364,8.05e-05,0.3089,3.94302521,1.22,37.13,"SP9","Sp9 transcription factor"
1674,0.000368,8.14e-05,0.3575,3.94031313,1.41,69.73,"DES","desmin"
93190,0.000401,9.02e-05,0.3756,3.91567101,1.47,42.06,"CFAP107","cilia and flagella associated protein 107"
6910,0.00042,9.53e-05,0.3679,3.90220293,1.44,62.67,"TBX5","T-box transcription factor 5"
1066,0.00051,0.000119,0.27,3.84790606,1.04,41.71,"CES1","carboxylesterase 1"
219409,0.000518,0.000121,0.3157,3.84406458,1.21,152.39,"GSX1","GS homeobox 1"
3207,0.000527,0.000124,0.4439,3.8387456,1.7,24.08,"HOXA11","homeobox A11"
3875,0.000559,0.000132,0.2968,3.82267484,1.13,20.16,"KRT18","keratin 18"
4608,0.000679,0.000165,0.3034,3.76703617,1.14,29.49,"MYBPH","myosin binding protein H"
2015,0.000699,0.000171,0.3267,3.75880768,1.23,66.18,"ADGRE1","adhesion G protein-coupled receptor E1"
115701,0.000708,0.000173,0.3793,3.75485288,1.42,90.93,"ALPK2","alpha kinase 2"
83659,0.000711,0.000174,0.2903,3.75373061,1.09,66.55,"TEKT1","tektin 1"
2151,0.000962,0.000247,0.3106,3.66571089,1.14,47.97,"F2RL2","coagulation factor II thrombin receptor like 2"
160364,0.00115,0.000303,0.2958,3.61309064,1.07,22.93,"CLEC12A","C-type lectin domain family 12 member A"
5350,0.00118,0.000311,0.2863,3.60611337,1.03,104.68,"PLN","phospholamban"
9723,0.00118,0.000312,0.283,3.60551459,1.02,213.76,"SEMA3E","semaphorin 3E"
643680,0.00175,0.000491,0.2916,3.48574643,1.02,30.65,"MS4A4E","membrane spanning 4-domains A4E"
105369203,0.00268,0.000806,0.4424,3.35080839,1.48,113.62,"LOC105369203","uncharacterized LOC105369203"
100129455,0.0035,0.0011,0.3224,3.2641514,1.05,26.52,"LOC100129455","uncharacterized LOC100129455"
3045,0.00403,0.0013,0.3187,3.21638855,1.03,95,"HBD","hemoglobin subunit delta"
56956,0.00433,0.00141,0.3213,3.1921418,1.03,65.83,"LHX9","LIM homeobox 9"
1829,0.00748,0.00266,0.4091,3.00472234,1.23,53.58,"DSG2","desmoglein 2"
27299,0.00929,0.00343,0.366,2.92609637,1.07,32.97,"ADAMDEC1","ADAM like decysin 1"
